ListSchema={"schemaXmlList":["<Field ID=\"{fa564e0f-0c70-4ab9-b863-0177e6ddd247}\" Type=\"Text\" Name=\"Title\" DisplayName=\"Title\" Required=\"FALSE\" SourceID=\"http://schemas.microsoft.com/sharepoint/v3\" StaticName=\"Title\" FromBaseType=\"TRUE\" MaxLength=\"255\" Indexed=\"FALSE\" />","<Field ID=\"{28cf69c5-fa48-462a-b5cd-27b6f9d2bd5f}\" ReadOnly=\"TRUE\" Type=\"DateTime\" Name=\"Modified\" DisplayName=\"Modified\" StorageTZ=\"TRUE\" SourceID=\"http://schemas.microsoft.com/sharepoint/v3\" StaticName=\"Modified\" FromBaseType=\"TRUE\" Required=\"FALSE\" FriendlyDisplayFormat=\"Relative\" />","<Field Type=\"User\" DisplayName=\"Email_Person\" List=\"UserInfo\" Required=\"FALSE\" EnforceUniqueValues=\"FALSE\" ShowField=\"EMail\" UserSelectionMode=\"PeopleOnly\" UserSelectionScope=\"0\" ID=\"{45fe97e9-1a00-4776-9092-8e0f50ef767e}\" StaticName=\"Email_Person\" Name=\"Email_Person\" />","<Field ClientSideComponentId=\"00000000-0000-0000-0000-000000000000\" CustomFormatter=\"{&quot;elmType&quot;:&quot;div&quot;,&quot;style&quot;:{&quot;flex-wrap&quot;:&quot;wrap&quot;,&quot;display&quot;:&quot;flex&quot;},&quot;children&quot;:[{&quot;elmType&quot;:&quot;div&quot;,&quot;style&quot;:{&quot;box-sizing&quot;:&quot;border-box&quot;,&quot;padding&quot;:&quot;4px 8px 5px 8px&quot;,&quot;overflow&quot;:&quot;hidden&quot;,&quot;text-overflow&quot;:&quot;ellipsis&quot;,&quot;display&quot;:&quot;flex&quot;,&quot;border-radius&quot;:&quot;16px&quot;,&quot;height&quot;:&quot;24px&quot;,&quot;align-items&quot;:&quot;center&quot;,&quot;white-space&quot;:&quot;nowrap&quot;,&quot;margin&quot;:&quot;4px 4px 4px 4px&quot;},&quot;attributes&quot;:{&quot;class&quot;:{&quot;operator&quot;:&quot;:&quot;,&quot;operands&quot;:[{&quot;operator&quot;:&quot;==&quot;,&quot;operands&quot;:[&quot;@currentField&quot;,&quot;View-only&quot;]},&quot;sp-css-backgroundColor-BgCornflowerBlue sp-field-fontSizeSmall sp-css-color-CornflowerBlueFont&quot;,{&quot;operator&quot;:&quot;:&quot;,&quot;operands&quot;:[{&quot;operator&quot;:&quot;==&quot;,&quot;operands&quot;:[&quot;@currentField&quot;,&quot;User&quot;]},&quot;sp-css-backgroundColor-BgMintGreen sp-field-fontSizeSmall sp-css-color-MintGreenFont&quot;,{&quot;operator&quot;:&quot;:&quot;,&quot;operands&quot;:[{&quot;operator&quot;:&quot;==&quot;,&quot;operands&quot;:[&quot;@currentField&quot;,&quot;SuperUser&quot;]},&quot;sp-css-backgroundColor-BgGold sp-field-fontSizeSmall sp-css-color-GoldFont&quot;,{&quot;operator&quot;:&quot;:&quot;,&quot;operands&quot;:[{&quot;operator&quot;:&quot;==&quot;,&quot;operands&quot;:[&quot;@currentField&quot;,&quot;&quot;]},&quot;&quot;,{&quot;operator&quot;:&quot;:&quot;,&quot;operands&quot;:[{&quot;operator&quot;:&quot;==&quot;,&quot;operands&quot;:[&quot;@currentField&quot;,&quot;Manager&quot;]},&quot;sp-css-backgroundColor-BgCoral sp-field-fontSizeSmall sp-css-color-CoralFont&quot;,{&quot;operator&quot;:&quot;:&quot;,&quot;operands&quot;:[{&quot;operator&quot;:&quot;==&quot;,&quot;operands&quot;:[&quot;@currentField&quot;,&quot;ServiceChief&quot;]},&quot;sp-css-backgroundColor-BgDustRose sp-field-fontSizeSmall sp-css-color-DustRoseFont&quot;,{&quot;operator&quot;:&quot;:&quot;,&quot;operands&quot;:[{&quot;operator&quot;:&quot;==&quot;,&quot;operands&quot;:[&quot;@currentField&quot;,&quot;ProjectLeader&quot;]},&quot;sp-css-backgroundColor-BgCyan sp-field-fontSizeSmall sp-css-color-CyanFont&quot;,{&quot;operator&quot;:&quot;:&quot;,&quot;operands&quot;:[{&quot;operator&quot;:&quot;==&quot;,&quot;operands&quot;:[&quot;@currentField&quot;,&quot;AppAdmin&quot;]},&quot;sp-css-backgroundColor-BgPeach sp-field-fontSizeSmall sp-css-color-PeachFont&quot;,{&quot;operator&quot;:&quot;:&quot;,&quot;operands&quot;:[{&quot;operator&quot;:&quot;==&quot;,&quot;operands&quot;:[&quot;@currentField&quot;,&quot;AccessDenied&quot;]},&quot;sp-css-backgroundColor-BgSage sp-field-fontSizeSmall sp-css-color-SageFont&quot;,&quot;sp-field-borderAllRegular sp-field-borderAllSolid sp-css-borderColor-neutralSecondary&quot;]}]}]}]}]}]}]}]}]}},&quot;children&quot;:[{&quot;elmType&quot;:&quot;span&quot;,&quot;style&quot;:{&quot;overflow&quot;:&quot;hidden&quot;,&quot;text-overflow&quot;:&quot;ellipsis&quot;,&quot;padding&quot;:&quot;0 3px&quot;},&quot;txtContent&quot;:&quot;@currentField&quot;,&quot;attributes&quot;:{&quot;class&quot;:{&quot;operator&quot;:&quot;:&quot;,&quot;operands&quot;:[{&quot;operator&quot;:&quot;==&quot;,&quot;operands&quot;:[&quot;@currentField&quot;,&quot;View-only&quot;]},&quot;sp-field-fontSizeSmall sp-css-color-CornflowerBlueFont&quot;,{&quot;operator&quot;:&quot;:&quot;,&quot;operands&quot;:[{&quot;operator&quot;:&quot;==&quot;,&quot;operands&quot;:[&quot;@currentField&quot;,&quot;User&quot;]},&quot;sp-field-fontSizeSmall sp-css-color-MintGreenFont&quot;,{&quot;operator&quot;:&quot;:&quot;,&quot;operands&quot;:[{&quot;operator&quot;:&quot;==&quot;,&quot;operands&quot;:[&quot;@currentField&quot;,&quot;SuperUser&quot;]},&quot;sp-field-fontSizeSmall sp-css-color-GoldFont&quot;,{&quot;operator&quot;:&quot;:&quot;,&quot;operands&quot;:[{&quot;operator&quot;:&quot;==&quot;,&quot;operands&quot;:[&quot;@currentField&quot;,&quot;&quot;]},&quot;&quot;,{&quot;operator&quot;:&quot;:&quot;,&quot;operands&quot;:[{&quot;operator&quot;:&quot;==&quot;,&quot;operands&quot;:[&quot;@currentField&quot;,&quot;Manager&quot;]},&quot;sp-field-fontSizeSmall sp-css-color-CoralFont&quot;,{&quot;operator&quot;:&quot;:&quot;,&quot;operands&quot;:[{&quot;operator&quot;:&quot;==&quot;,&quot;operands&quot;:[&quot;@currentField&quot;,&quot;ServiceChief&quot;]},&quot;sp-field-fontSizeSmall sp-css-color-DustRoseFont&quot;,{&quot;operator&quot;:&quot;:&quot;,&quot;operands&quot;:[{&quot;operator&quot;:&quot;==&quot;,&quot;operands&quot;:[&quot;@currentField&quot;,&quot;ProjectLeader&quot;]},&quot;sp-field-fontSizeSmall sp-css-color-CyanFont&quot;,{&quot;operator&quot;:&quot;:&quot;,&quot;operands&quot;:[{&quot;operator&quot;:&quot;==&quot;,&quot;operands&quot;:[&quot;@currentField&quot;,&quot;AppAdmin&quot;]},&quot;sp-field-fontSizeSmall sp-css-color-PeachFont&quot;,{&quot;operator&quot;:&quot;:&quot;,&quot;operands&quot;:[{&quot;operator&quot;:&quot;==&quot;,&quot;operands&quot;:[&quot;@currentField&quot;,&quot;AccessDenied&quot;]},&quot;sp-field-fontSizeSmall sp-css-color-SageFont&quot;,&quot;&quot;]}]}]}]}]}]}]}]}]}}}]}],&quot;templateId&quot;:&quot;BgColorChoicePill&quot;}\" DisplayName=\"AccessLevel_Choice\" EnforceUniqueValues=\"FALSE\" FillInChoice=\"FALSE\" Format=\"Dropdown\" Indexed=\"FALSE\" InternalName=\"AccessLevel_Choice\" Name=\"AccessLevel_Choice\" Required=\"TRUE\" StaticName=\"AccessLevel_Choice\" Title=\"AccessLevel_Choice\" Type=\"Choice\" UnlimitedLengthInDocumentLibrary=\"FALSE\" ID=\"{fa3af220-dbe2-4e49-bdfb-185ed6438db0}\" Hidden=\"FALSE\" PITarget=\"\" PrimaryPITarget=\"\" PIAttribute=\"\" PrimaryPIAttribute=\"\" Aggregation=\"\" Node=\"\" Customization=\"\" ReadOnly=\"FALSE\"><CHOICES><CHOICE>View-only</CHOICE><CHOICE>User</CHOICE><CHOICE>SuperUser</CHOICE><CHOICE>Manager</CHOICE><CHOICE>ServiceChief</CHOICE><CHOICE>ProjectLeader</CHOICE><CHOICE>AppAdmin</CHOICE><CHOICE>AccessDenied</CHOICE></CHOICES></Field>","<Field DisplayName=\"GivenName_Text\" Format=\"Dropdown\" IsModern=\"TRUE\" MaxLength=\"255\" Name=\"GivenName_Text\" Title=\"GivenName_Text\" Type=\"Text\" ID=\"{8167eeab-c5b6-4281-8f95-33018c4d13e0}\" StaticName=\"GivenName_Text\" />","<Field DisplayName=\"Surname_Text\" Format=\"Dropdown\" IsModern=\"TRUE\" MaxLength=\"255\" Name=\"Surname_Text\" Title=\"Surname_Text\" Type=\"Text\" ID=\"{20650c21-4a1e-416d-b616-d54b1ed2b910}\" StaticName=\"Surname_Text\" />","<Field DisplayName=\"NetworkAccount_Text\" Format=\"Dropdown\" IsModern=\"TRUE\" MaxLength=\"255\" Name=\"NetworkAccount_Text\" Title=\"NetworkAccount_Text\" Type=\"Text\" ID=\"{0e4672b4-1029-4ab5-80dc-4b4258c06b46}\" StaticName=\"NetworkAccount_Text\" />","<Field Type=\"User\" DisplayName=\"Manager_Email_Person\" List=\"UserInfo\" Required=\"FALSE\" EnforceUniqueValues=\"FALSE\" ShowField=\"EMail\" UserSelectionMode=\"PeopleOnly\" UserSelectionScope=\"0\" ID=\"{884d11a8-a8be-4f70-897d-aae25021b50c}\" StaticName=\"Manager_Email_Person\" Name=\"Manager_Email_Person\" />","<Field Type=\"User\" DisplayName=\"Approver_Email_Person\" List=\"UserInfo\" Required=\"FALSE\" EnforceUniqueValues=\"FALSE\" ShowField=\"EMail\" UserSelectionMode=\"PeopleOnly\" UserSelectionScope=\"0\" ID=\"{41599c83-6c88-4693-9eb1-dbc256154c9e}\" StaticName=\"Approver_Email_Person\" Name=\"Approver_Email_Person\" />","<Field Type=\"Choice\" DisplayName=\"AccessReviewOverdue_Choice\" Required=\"FALSE\" EnforceUniqueValues=\"FALSE\" Indexed=\"FALSE\" Format=\"Dropdown\" FillInChoice=\"FALSE\" ID=\"{54090050-fd5b-4f99-91e3-1cec2168c0c4}\" StaticName=\"OverdueAccessReview_Choice\" Name=\"OverdueAccessReview_Choice\" CustomFormatter=\"\"><Default>false</Default><CHOICES><CHOICE>true</CHOICE><CHOICE>false</CHOICE></CHOICES></Field>","<Field Type=\"DateTime\" DisplayName=\"AccessStart_dateTime\" Required=\"FALSE\" EnforceUniqueValues=\"FALSE\" Indexed=\"FALSE\" Format=\"DateTime\" FriendlyDisplayFormat=\"Disabled\" ID=\"{c6c9aef2-ba91-49d3-ab0c-cb56fa887a47}\" StaticName=\"AccessStart_dateTime\" Name=\"AccessStart_dateTime\" />","<Field Type=\"DateTime\" DisplayName=\"AccessStop_dateTime\" Required=\"FALSE\" EnforceUniqueValues=\"FALSE\" Indexed=\"FALSE\" Format=\"DateTime\" FriendlyDisplayFormat=\"Disabled\" ID=\"{b808f8e3-18e3-42c0-a3bf-122063021c58}\" StaticName=\"AccessStop_dateTime\" Name=\"AccessStop_dateTime\" />","<Field Type=\"Text\" DisplayName=\"DisplayName_Text\" Required=\"FALSE\" EnforceUniqueValues=\"FALSE\" Indexed=\"FALSE\" MaxLength=\"255\" ID=\"{81e4a4bc-2ded-4b99-8484-9931bd0c3e10}\" StaticName=\"DisplayName_Text\" Name=\"DisplayName_Text\" />","<Field Type=\"Text\" DisplayName=\"PreferredName_Text\" Required=\"FALSE\" EnforceUniqueValues=\"FALSE\" Indexed=\"FALSE\" MaxLength=\"255\" ID=\"{7183bbfa-b3d1-4903-9a64-c8b01ff39ef1}\" StaticName=\"PreferredName_Text\" Name=\"PreferredName_Text\" />","<Field DisplayName=\"MailNickname_Text\" Format=\"Dropdown\" IsModern=\"TRUE\" MaxLength=\"255\" Name=\"MailNickname_Text\" Title=\"MailNickname_Text\" Type=\"Text\" ID=\"{b87ce9d3-a5ac-4aac-8753-593932e07bd1}\" StaticName=\"MailNickname_Text\" />","<Field DisplayName=\"JobTitle_Text\" Format=\"Dropdown\" IsModern=\"TRUE\" MaxLength=\"255\" Name=\"JobTitle_Text\" Title=\"JobTitle_Text\" Type=\"Text\" ID=\"{aa5d2d3e-3a1e-43fd-9d69-deecd09ae715}\" StaticName=\"JobTitle_Text\" />","<Field DisplayName=\"UserPrincipleName_Text\" Format=\"Dropdown\" IsModern=\"TRUE\" MaxLength=\"255\" Name=\"UserPrincipleName_Text\" Title=\"UserPrincipleName_Text\" Type=\"Text\" ID=\"{960a03dd-c035-4fc8-a120-c9157e98fcf2}\" StaticName=\"UserPrincipleName_Text\" />","<Field DisplayName=\"mobilePhone_Text\" Format=\"Dropdown\" IsModern=\"TRUE\" MaxLength=\"255\" Name=\"mobilePhone_Text\" Title=\"mobilePhone_Text\" Type=\"Text\" ID=\"{45a1ba92-4d1e-40c8-9626-249fc6339665}\" StaticName=\"mobilePhone_Text\" />","<Field DisplayName=\"TelephoneNumber_Text\" Format=\"Dropdown\" IsModern=\"TRUE\" MaxLength=\"255\" Name=\"TelephoneNumber_Text\" Title=\"TelephoneNumber_Text\" Type=\"Text\" ID=\"{cf5ec015-151e-49b3-8356-e64528993ca8}\" StaticName=\"TelephoneNumber_Text\" />","<Field DisplayName=\"BusinessPhones_Text\" Format=\"Dropdown\" IsModern=\"TRUE\" MaxLength=\"255\" Name=\"BusinessPhones_Text\" Title=\"BusinessPhones_Text\" Type=\"Text\" ID=\"{b465b4a0-f7ab-4683-99ea-3f68854675b9}\" StaticName=\"BusinessPhones_Text\" />","<Field DisplayName=\"Department_Text\" Format=\"Dropdown\" IsModern=\"TRUE\" MaxLength=\"255\" Name=\"Department_Text\" Title=\"Department_Text\" Type=\"Text\" ID=\"{06f2843a-65d9-493f-872d-dd19f0b267d8}\" StaticName=\"Department_Text\" />","<Field DisplayName=\"OfficeLocation_Text\" Format=\"Dropdown\" IsModern=\"TRUE\" MaxLength=\"255\" Name=\"OfficeLocation_Text\" Title=\"OfficeLocation_Text\" Type=\"Text\" ID=\"{aeb76f04-d5f4-40a6-ac78-254ed661f486}\" StaticName=\"OfficeLocation_Text\" />","<Field DisplayName=\"CompanyName_Text\" Format=\"Dropdown\" IsModern=\"TRUE\" MaxLength=\"255\" Name=\"CompanyName_Text\" Title=\"CompanyName_Text\" Type=\"Text\" ID=\"{362afe41-4328-48f7-8047-c73effc9fbcf}\" StaticName=\"CompanyName_Text\" />","<Field Type=\"Text\" DisplayName=\"StreetAddress_Text\" Required=\"FALSE\" EnforceUniqueValues=\"FALSE\" Indexed=\"FALSE\" MaxLength=\"255\" ID=\"{e4336da6-f255-4c80-8f0f-3d82f5b70c49}\" StaticName=\"StreetAddress_Text\" Name=\"StreetAddress_Text\" />","<Field DisplayName=\"City_Text\" Format=\"Dropdown\" IsModern=\"TRUE\" MaxLength=\"255\" Name=\"City_Text\" Title=\"City_Text\" Type=\"Text\" ID=\"{0b7c7294-08e7-437c-8cdc-5e5c10a0d059}\" StaticName=\"City_Text\" />","<Field Type=\"Text\" DisplayName=\"State_Text\" Required=\"FALSE\" EnforceUniqueValues=\"FALSE\" Indexed=\"FALSE\" MaxLength=\"255\" ID=\"{edb56cb7-a9c5-4248-96d0-e03e095cfddd}\" StaticName=\"State_Text\" Name=\"State_Text\" />","<Field DisplayName=\"PostalCode_Text\" Format=\"Dropdown\" IsModern=\"TRUE\" MaxLength=\"255\" Name=\"PostalCode_Text\" Title=\"PostalCode_Text\" Type=\"Text\" ID=\"{880b03b8-df62-4928-a4f7-a1021785bd50}\" StaticName=\"PostalCode_Text\" />","<Field DisplayName=\"Country_Text\" Format=\"Dropdown\" IsModern=\"TRUE\" MaxLength=\"255\" Name=\"Country_Text\" Title=\"Country_Text\" Type=\"Text\" ID=\"{ec1d7341-1ada-4aa4-ab37-c7d222d25a53}\" StaticName=\"Country_Text\" />","<Field Type=\"Text\" DisplayName=\"FullAddress_Text\" Required=\"FALSE\" EnforceUniqueValues=\"FALSE\" Indexed=\"FALSE\" MaxLength=\"255\" ID=\"{14253120-c532-47c6-af0b-4d2ce223233e}\" StaticName=\"FullAddress_Text\" Name=\"FullAddress_Text\" />","<Field DisplayName=\"Id_Text\" Format=\"Dropdown\" IsModern=\"TRUE\" MaxLength=\"255\" Name=\"Id_Text\" Title=\"Id_Text\" Type=\"Text\" ID=\"{66c2762a-aba3-41f8-bfbd-01fc9c274440}\" StaticName=\"Id_Text\" CustomFormatter=\"\" Required=\"FALSE\" EnforceUniqueValues=\"TRUE\" Indexed=\"TRUE\" />","<Field Type=\"Text\" DisplayName=\"PreferredLanguage_Text\" Required=\"FALSE\" EnforceUniqueValues=\"FALSE\" Indexed=\"FALSE\" MaxLength=\"255\" ID=\"{e8271466-b0ba-416b-9f99-ece8ead0b2dc}\" StaticName=\"PreferredLanguage_Text\" Name=\"PreferredLanguage_Text\" />","<Field Type=\"Text\" DisplayName=\"MySite_Text\" Required=\"FALSE\" EnforceUniqueValues=\"FALSE\" Indexed=\"FALSE\" MaxLength=\"255\" ID=\"{ac26cd8c-b840-43bc-b778-a073824dd3d6}\" StaticName=\"MySite_Text\" Name=\"MySite_Text\" />","<Field Type=\"Text\" DisplayName=\"AboutMe_Text\" Required=\"FALSE\" EnforceUniqueValues=\"FALSE\" Indexed=\"FALSE\" MaxLength=\"255\" ID=\"{26445c56-fb45-4558-a69b-31672d2d5390}\" StaticName=\"AboutMe_Text\" Name=\"AboutMe_Text\" />","<Field Type=\"Text\" DisplayName=\"Birthday_Text\" Required=\"FALSE\" EnforceUniqueValues=\"FALSE\" Indexed=\"FALSE\" MaxLength=\"255\" ID=\"{234fc4f3-c3f4-4f9f-a518-52a3eca68cc6}\" StaticName=\"Birthday\" Name=\"Birthday\" CustomFormatter=\"\" />","<Field Type=\"Text\" DisplayName=\"HireDate_Text\" Required=\"FALSE\" EnforceUniqueValues=\"FALSE\" Indexed=\"FALSE\" MaxLength=\"255\" ID=\"{0d4f0448-c1e3-45c1-968c-aaf7284d191f}\" StaticName=\"HireDate_Text\" Name=\"HireDate_Text\" />","<Field Type=\"Text\" DisplayName=\"UserType_Text\" Required=\"FALSE\" EnforceUniqueValues=\"FALSE\" Indexed=\"FALSE\" MaxLength=\"255\" ID=\"{ba6efe4a-bc8a-42d4-bdc9-32d6004f70ad}\" StaticName=\"UserType_Text\" Name=\"UserType_Text\" />","<Field ClientSideComponentId=\"00000000-0000-0000-0000-000000000000\" DisplayName=\"Email_Text\" EnforceUniqueValues=\"FALSE\" Indexed=\"TRUE\" InternalName=\"Email_Text\" MaxLength=\"255\" Name=\"Email_Text\" Required=\"TRUE\" StaticName=\"Email_Text\" Title=\"Email_Text\" Type=\"Text\" ID=\"{f88b07ef-e45b-4866-8aab-3384049b83d7}\" Hidden=\"FALSE\" PITarget=\"\" PrimaryPITarget=\"\" PIAttribute=\"\" PrimaryPIAttribute=\"\" Aggregation=\"\" Node=\"\" CustomFormatter=\"\" />","<Field DisplayName=\"Mail_Text\" Format=\"Dropdown\" IsModern=\"TRUE\" MaxLength=\"255\" Name=\"Mail_Text\" Title=\"Mail_Text\" Type=\"Text\" ID=\"{c3e4d75e-293f-409c-866b-2509211eefe5}\" StaticName=\"Mail_Text\" />","<Field DisplayName=\"AccessLevel_Text\" Format=\"Dropdown\" IsModern=\"TRUE\" MaxLength=\"255\" Name=\"AccessLevel_Text\" Title=\"AccessLevel_Text\" Type=\"Text\" ID=\"{ed5d976f-f2e0-46b3-a0ad-ee73fbda2add}\" StaticName=\"AccessLevel_Text\" />","<Field Type=\"Text\" DisplayName=\"Approver_Email_Text\" Required=\"FALSE\" EnforceUniqueValues=\"FALSE\" Indexed=\"FALSE\" MaxLength=\"255\" ID=\"{88722a3c-8df1-43d8-b2e1-6ffc2f61427e}\" StaticName=\"Approver_Email_Text\" Name=\"Approver_Email_Text\" />","<Field Type=\"Text\" DisplayName=\"Approver_DisplayName_Text\" Required=\"FALSE\" EnforceUniqueValues=\"FALSE\" Indexed=\"FALSE\" MaxLength=\"255\" ID=\"{198f113d-4158-4237-8fcc-a4192a5a2e19}\" StaticName=\"Approver_DisplayName_Text\" Name=\"Approver_DisplayName_Text\" />","<Field Type=\"Text\" DisplayName=\"AccessStart_Text\" Required=\"FALSE\" EnforceUniqueValues=\"FALSE\" Indexed=\"FALSE\" MaxLength=\"255\" ID=\"{d51eab23-8f72-4b36-b240-7f73bba1e757}\" StaticName=\"AccessStart_Text\" Name=\"AccessStart_Text\" />","<Field Type=\"Text\" DisplayName=\"AccessStop_Text\" Required=\"FALSE\" EnforceUniqueValues=\"FALSE\" Indexed=\"FALSE\" MaxLength=\"255\" ID=\"{b228182d-3858-438b-a7e8-fce9281e2b8b}\" StaticName=\"AccessStop_Text\" Name=\"AccessStop_Text\" />","<Field DisplayName=\"Manager_Email_Text\" Format=\"Dropdown\" IsModern=\"TRUE\" MaxLength=\"255\" Name=\"Manager_Email_Text\" Title=\"Manager_Email_Text\" Type=\"Text\" ID=\"{eab0259f-644c-4603-b257-04014530c9a5}\" StaticName=\"Manager_Email_Text\" />","<Field DisplayName=\"Manager_DisplayName_Text\" Format=\"Dropdown\" IsModern=\"TRUE\" MaxLength=\"255\" Name=\"Manager_DisplayName_Text\" Title=\"Manager_DisplayName_Text\" Type=\"Text\" ID=\"{bb198d0b-62f0-4249-bb29-a9542039006e}\" StaticName=\"Manager_DisplayName_Text\" />","<Field DisplayName=\"Manager_JobTitle_Text\" Format=\"Dropdown\" IsModern=\"TRUE\" MaxLength=\"255\" Name=\"Manager_JobTitle_Text\" Title=\"Manager_JobTitle_Text\" Type=\"Text\" ID=\"{68316360-598b-499c-8e6c-a81df9413e70}\" StaticName=\"Manager_JobTitle_Text\" />","<Field Type=\"Text\" DisplayName=\"Manager_FullAddress_Text\" Required=\"FALSE\" EnforceUniqueValues=\"FALSE\" Indexed=\"FALSE\" MaxLength=\"255\" ID=\"{3e7d776a-1ac7-4b12-81e6-29488393ea1e}\" StaticName=\"Manager_FullAddress_Text\" Name=\"Manager_FullAddress_Text\" />","<Field DisplayName=\"utcNow()_value\" Format=\"Dropdown\" IsModern=\"TRUE\" MaxLength=\"255\" Name=\"utcNow_x0028__x0029__value\" Title=\"utcNow()_value\" Type=\"Text\" ID=\"{7e450dc2-8822-402e-b50f-11affab0e8df}\" StaticName=\"utcNow_x0028__x0029__value\" />","<Field DisplayName=\"addMinutes(utcNow(),10)\" Format=\"Dropdown\" IsModern=\"TRUE\" MaxLength=\"255\" Name=\"addMinutes_x0028_utcNow_x0028__x\" Title=\"addMinutes(utcNow(),10)\" Type=\"Text\" ID=\"{7cc0c925-7db7-4bd2-88f3-0a0650408b4a}\" StaticName=\"addMinutes_x0028_utcNow_x0028__x\" />","<Field Name=\"modificationAutoTriggered_Boolea\" FromBaseType=\"FALSE\" Type=\"Choice\" DisplayName=\"modificationAutoTriggered_Choice\" Required=\"FALSE\" EnforceUniqueValues=\"FALSE\" Indexed=\"FALSE\" Format=\"Dropdown\" FillInChoice=\"FALSE\" ID=\"{143471ab-9496-4836-90e4-48783ee096b5}\" StaticName=\"modificationAutoTriggered_Boolea\"><CHOICES><CHOICE>true</CHOICE><CHOICE>false</CHOICE></CHOICES></Field>","<Field ID=\"{c042a256-787d-4a6f-8a8a-cf6ab767f12d}\" Type=\"Computed\" DisplayName=\"Content Type\" Name=\"ContentType\" DisplaceOnUpgrade=\"TRUE\" RenderXMLUsingPattern=\"TRUE\" Sortable=\"FALSE\" SourceID=\"http://schemas.microsoft.com/sharepoint/v3\" StaticName=\"ContentType\" Group=\"_Hidden\" PITarget=\"MicrosoftWindowsSharePointServices\" PIAttribute=\"ContentTypeID\" FromBaseType=\"TRUE\"><FieldRefs><FieldRef Name=\"ContentTypeId\" /></FieldRefs><DisplayPattern><MapToContentType><Column Name=\"ContentTypeId\" /></MapToContentType></DisplayPattern></Field>"]}
"Email_Person","AccessLevel_Choice","GivenName_Text","Surname_Text","Manager_Email_Person","Approver_Email_Person","AccessStart_dateTime","AccessStop_dateTime","AccessReviewOverdue_Choice","JobTitle_Text","DisplayName_Text","MailNickname_Text","UserPrincipleName_Text","Id_Text","mobilePhone_Text","TelephoneNumber_Text","BusinessPhones_Text","FullAddress_Text","Email_Text","Approver_Email_Text","Approver_DisplayName_Text","AccessStart_Text","AccessStop_Text","AccessLevel_Text","Manager_Email_Text","Manager_DisplayName_Text","Manager_JobTitle_Text","Manager_FullAddress_Text","Modified","Modified By","Created","Created By","Version","ID","Title"
"Amy.Garner2@va.gov","User","Amy","Garner","Bradley.Lomax@va.gov","Amy.Garner2@va.gov","2026-01-22T10:37:00Z","2026-07-21T16:37:13Z","true","Nursing Informaticist CAC","Garner, Amy L.","VHAHINGarneA","Amy.Garner2@va.gov","f059787b-3b0e-499b-9296-5b304aa1c94f",,"[""(708) 202-8387 ext. 22777""]","[""(708) 202-8387 ext. 22777""]","Department of Veterans Affairs (Clinical Informatics),
Hines VAMC,
5000 South 5th Avenue
Building 1
Room F440,
Hines, IL, 60141,
United States","amy.garner2@va.gov","Amy.Garner2@va.gov","Garner, Amy L.","01/22/2026 10:37 AM","07/21/2026 16:37:13","User","bradley.lomax@va.gov","Lomax, Bradley R.","Chief Nursing Informatics Officer","Department of Veterans Affairs (VHA),
Hines VAMC,
5000 South 5th Avenue
Building 1
Room F440,
Hines, IL, 60141,
","2026-01-22T16:37:26Z","Kyle.Coder@va.gov","2026-01-22T16:36:36Z","Amy.Garner2@va.gov","4.0","16","f059787b-3b0e-499b-9296-5b304aa1c94f"
"Celina.Ceballo@va.gov","User","Celina","Ceballo","Bradley.Lomax@va.gov","Celina.Ceballo@va.gov","2026-01-22T10:28:00Z","2026-07-21T16:28:52Z","true","Nursing Informaticist CAC","Ceballo, Celina","VHAHINCebalC","Celina.Ceballo@va.gov","52e88be7-89b5-4231-ad5f-2796d8588535",,"[""708-202-8387 x27276""]","[""708-202-8387 x27276""]","DEPARTMENT OF VETERANS AFFAIRS (Clinical Informatics),
HINES VAMC,
5000 S 5th Ave
 Bldg 1, Rm F440,
Hines, IL, 60141,
","celina.ceballo@va.gov","Celina.Ceballo@va.gov","Ceballo, Celina","01/22/2026 10:28 AM","07/21/2026 16:28:52","User","bradley.lomax@va.gov","Lomax, Bradley R.","Chief Nursing Informatics Officer","Department of Veterans Affairs (VHA),
Hines VAMC,
5000 South 5th Avenue
Building 1
Room F440,
Hines, IL, 60141,
","2026-01-22T16:29:06Z","Kyle.Coder@va.gov","2026-01-22T16:28:16Z","Celina.Ceballo@va.gov","4.0","15","52e88be7-89b5-4231-ad5f-2796d8588535"
"Kyle.Coder@va.gov","AppAdmin","Kyle","Coder","Bradley.Lomax@va.gov","Kyle.Coder@va.gov","2026-01-21T10:16:00Z","2026-07-20T16:16:50Z","true","Program Analyst, Informatics","Coder, Kyle J.","VHAHINCoderK1","Kyle.Coder@va.gov","ec4f9b5d-fe24-466f-a4af-0d030edc3f90",,"[""(706) 288-4664""]","[""(706) 288-4664""]","Department of Veterans Affairs (),
Hines VAMC (v12/578),
(remote)
Edward Hines Jr. VA Hospital
5000 S 5th Ave,
Hines, IL, 60141,
United States","kyle.coder@va.gov","Kyle.Coder@va.gov","Coder, Kyle J.","01/21/2026 10:16 AM","07/20/2026 16:16:50","AppAdmin","bradley.lomax@va.gov","Lomax, Bradley R.","Chief Nursing Informatics Officer","Department of Veterans Affairs (VHA),
Hines VAMC,
5000 South 5th Avenue
Building 1
Room F440,
Hines, IL, 60141,
","2026-01-21T16:26:38Z","Kyle.Coder@va.gov","2026-01-21T16:16:26Z","Kyle.Coder@va.gov","6.0","14","ec4f9b5d-fe24-466f-a4af-0d030edc3f90"
"Terrance.Glenn@va.gov","AccessDenied","Terrance","Glenn","Akeba.Philip-Watkins@va.gov","Kyle.Coder@va.gov","2026-01-02T11:15:00Z","2026-07-01T17:15:32Z","true","HAS Medical Admin Specialist","Glenn, Terrance B.","VHAAUGGlennT1","Terrance.Glenn@va.gov","b98a735b-67c0-41e5-8756-73d4162e7451","706-231-6461","[""(706) 733-0188 x22067""]","[""(706) 733-0188 x22067""]","Department of Veterans Affairs (Health Administration),
,
One Freedom Way,
Augusta, GA, 30904,
United States","terrance.glenn@va.gov","Kyle.Coder@va.gov","Coder, Kyle J.","01/02/2026 11:15 AM","07/01/2026 17:15:32","AccessDenied","akeba.philip-watkins@va.gov","Philip-Watkins, Akeba","Deputy Chief, HAS","VHA (HAS),
Augusta VAMC,
1 Freedom Way,
Augusta, GA, 30904,
","2026-01-02T17:15:45Z","Kyle.Coder@va.gov","2026-01-02T17:14:56Z","Kyle.Coder@va.gov","4.0","5","b98a735b-67c0-41e5-8756-73d4162e7451"
"Mary.Caswell@va.gov","View-only","Mary","Caswell","Akeba.Philip-Watkins@va.gov","Kyle.Coder@va.gov","2026-01-02T11:15:00Z","2026-07-01T17:15:02Z","true","HAS Medical Admin Specialist","Caswell, Mary (Katie)","VHAAUGCasweM","Mary.Caswell@va.gov","9fd98724-b420-40e5-b49f-ca5b1126fcd7","706-231-6213","[""706-231-6213""]","[""706-231-6213""]","Department of Veterans Affairs (HAS),
VAMC Augusta,
1 Freedom Way,
Augusta, GA, 30904,
United States","mary.caswell@va.gov","Kyle.Coder@va.gov","Coder, Kyle J.","01/02/2026 11:15 AM","07/01/2026 17:15:02","View-only","akeba.philip-watkins@va.gov","Philip-Watkins, Akeba","Deputy Chief, HAS","VHA (HAS),
Augusta VAMC,
1 Freedom Way,
Augusta, GA, 30904,
","2026-01-02T17:15:16Z","Kyle.Coder@va.gov","2026-01-02T17:14:44Z","Kyle.Coder@va.gov","4.0","4","9fd98724-b420-40e5-b49f-ca5b1126fcd7"
"Corey.Winn@va.gov","Manager","Corey","Winn","Akeba.Philip-Watkins@va.gov","Kyle.Coder@va.gov","2026-01-02T11:15:00Z","2026-07-01T17:15:02Z","true","Program Applications Specialist","Winn, Corey J.","VHAAUGWinnC","Corey.Winn@va.gov","ef6d76e1-026f-4168-8421-de16f7d390c7","762-383-4049","[""762-383-4049""]","[""762-383-4049""]","Department Of Veterans Affairs (VHA),
Augusta VAMC,
1 Freedom Way
Building No: Main Building
Room No: 6C154,
Augusta, GA, 30904,
United States","corey.winn@va.gov","Kyle.Coder@va.gov","Coder, Kyle J.","01/02/2026 11:15 AM","07/01/2026 17:15:02","Manager","akeba.philip-watkins@va.gov","Philip-Watkins, Akeba","Deputy Chief, HAS","VHA (HAS),
Augusta VAMC,
1 Freedom Way,
Augusta, GA, 30904,
","2026-01-02T17:15:16Z","Kyle.Coder@va.gov","2026-01-02T17:14:34Z","Kyle.Coder@va.gov","4.0","3","ef6d76e1-026f-4168-8421-de16f7d390c7"
"Matthew.Olson@va.gov","AppAdmin","Matthew","Olson","Akeba.Philip-Watkins@va.gov","Kyle.Coder@va.gov","2026-01-02T11:15:00Z","2026-07-01T17:15:02Z","true","Program Applications Specialist","Olson, Matthew K.","VHAAUGOlsonM","Matthew.Olson@va.gov","1adf3e51-f02d-4362-bd39-38b4d5159e89","(706) 631-9643","[""(706) 631-9643""]","[""(706) 631-9643""]"," (Health Administration Services (HAS)),
Augusta VAMC,
One Freedom Way,
Augusta, GA, 30904,
United States","matthew.olson@va.gov","Kyle.Coder@va.gov","Coder, Kyle J.","01/02/2026 11:15 AM","07/01/2026 17:15:02","AppAdmin","akeba.philip-watkins@va.gov","Philip-Watkins, Akeba","Deputy Chief, HAS","VHA (HAS),
Augusta VAMC,
1 Freedom Way,
Augusta, GA, 30904,
","2026-01-02T17:15:16Z","Kyle.Coder@va.gov","2026-01-02T17:14:25Z","Kyle.Coder@va.gov","4.0","2","1adf3e51-f02d-4362-bd39-38b4d5159e89"
