ListSchema={"schemaXmlList":["<Field Type=\"Choice\" DisplayName=\"ItemType_choice\" Required=\"FALSE\" EnforceUniqueValues=\"FALSE\" Indexed=\"FALSE\" Format=\"Dropdown\" FillInChoice=\"FALSE\" ID=\"{1a6ecb7c-51be-4799-bb3e-4ebaedc244e7}\" StaticName=\"ItemType_choice\" Name=\"ItemType_choice\"><CHOICES><CHOICE>Desk</CHOICE><CHOICE>Room</CHOICE><CHOICE>Item</CHOICE></CHOICES></Field>","<Field Type=\"Text\" DisplayName=\"ItemType_text\" Required=\"FALSE\" EnforceUniqueValues=\"FALSE\" Indexed=\"FALSE\" MaxLength=\"255\" ID=\"{51ac76db-b8da-4e2d-b0f3-4c8f7629f553}\" StaticName=\"ItemType_text\" Name=\"ItemType_text\" />","<Field Type=\"Note\" DisplayName=\"Description_multilinePlainText\" Required=\"FALSE\" EnforceUniqueValues=\"FALSE\" Indexed=\"FALSE\" NumLines=\"99\" RichText=\"FALSE\" Sortable=\"FALSE\" ID=\"{8f6e7ffa-e87b-42f4-8c5e-8a0126c63090}\" StaticName=\"Description_multilineText\" Name=\"Description_multilineText\" CustomFormatter=\"\" RestrictedMode=\"TRUE\" RichTextMode=\"Compatible\" IsolateStyles=\"FALSE\" AppendOnly=\"FALSE\" />","<Field Type=\"Text\" DisplayName=\"DeskName_text\" Required=\"FALSE\" EnforceUniqueValues=\"FALSE\" Indexed=\"FALSE\" MaxLength=\"255\" ID=\"{0e00ebc6-3a6a-46c6-b8b6-63098ddd4c46}\" StaticName=\"DeskName_text\" Name=\"DeskName_text\" />","<Field Type=\"Number\" DisplayName=\"DeskNumber_number\" Required=\"FALSE\" EnforceUniqueValues=\"FALSE\" Indexed=\"FALSE\" Decimals=\"0\" ID=\"{e8f6476c-09ee-45b4-b816-40a1fa3b2636}\" StaticName=\"DeskNumber_number\" Name=\"DeskNumber_number\" />","<Field Type=\"Text\" DisplayName=\"DeskPhoneExt_text\" Required=\"FALSE\" EnforceUniqueValues=\"FALSE\" Indexed=\"FALSE\" MaxLength=\"255\" ID=\"{83e4075a-47a2-40bb-86bd-cffb18ed4037}\" StaticName=\"DeskPhoneExt_text\" Name=\"DeskPhoneExt_text\" />","<Field ClientSideComponentId=\"00000000-0000-0000-0000-000000000000\" CommaSeparator=\"FALSE\" CustomUnitOnRight=\"FALSE\" Decimals=\"0\" DisplayName=\"DeskPhoneExt_number\" Format=\"Dropdown\" Name=\"DeskPhoneExt_number\" Percentage=\"FALSE\" Title=\"DeskPhoneExt_number\" Type=\"Number\" Unit=\"None\" ID=\"{b3131c2b-c947-4812-b09b-784d93fbdafc}\" StaticName=\"DeskPhoneExt_number\" />","<Field Type=\"Thumbnail\" DisplayName=\"DeskPhoto_image\" Required=\"FALSE\" EnforceUniqueValues=\"FALSE\" Indexed=\"FALSE\" ID=\"{918cc515-6d03-4015-acd4-473ea2835664}\" StaticName=\"DeskPhoto_image\" Name=\"DeskPhoto_image\" />","<Field Type=\"Text\" DisplayName=\"RoomName_text\" Required=\"FALSE\" EnforceUniqueValues=\"FALSE\" Indexed=\"FALSE\" MaxLength=\"255\" ID=\"{7469d325-1154-4b90-bdc5-f53c92e902bd}\" StaticName=\"RoomName_text\" Name=\"RoomName_text\" />","<Field Type=\"Number\" DisplayName=\"RoomNumber_number\" Required=\"FALSE\" EnforceUniqueValues=\"FALSE\" Indexed=\"FALSE\" Decimals=\"0\" ID=\"{47d4cf16-eedd-4b6d-a0a4-a463bf64aead}\" StaticName=\"RoomNumber_number\" Name=\"RoomNumber_number\" />","<Field Type=\"Text\" DisplayName=\"RoomPhoneExt_text\" Required=\"FALSE\" EnforceUniqueValues=\"FALSE\" Indexed=\"FALSE\" MaxLength=\"255\" ID=\"{9aa8da61-e63e-4bc1-afc1-3c547bf23420}\" StaticName=\"RoomPhoneExt_text\" Name=\"RoomPhoneExt_text\" />","<Field ClientSideComponentId=\"00000000-0000-0000-0000-000000000000\" CommaSeparator=\"FALSE\" CustomUnitOnRight=\"FALSE\" Decimals=\"0\" DisplayName=\"RoomPhoneExt_number\" Format=\"Dropdown\" Name=\"RoomPhoneExt_number\" Percentage=\"FALSE\" Title=\"RoomPhoneExt_number\" Type=\"Number\" Unit=\"None\" ID=\"{5797a0c7-c688-43b3-8b33-40105f8050b0}\" StaticName=\"RoomPhoneExt_number\" />","<Field Type=\"Thumbnail\" DisplayName=\"RoomPhoto_image\" Required=\"FALSE\" EnforceUniqueValues=\"FALSE\" Indexed=\"FALSE\" ID=\"{f83a0556-ae82-4786-9fb5-e730d1e72293}\" StaticName=\"RoomPhoto_image\" Name=\"RoomPhoto_image\" />","<Field Type=\"Text\" DisplayName=\"FloorName_text\" Required=\"FALSE\" EnforceUniqueValues=\"FALSE\" Indexed=\"FALSE\" MaxLength=\"255\" ID=\"{ad40e775-1644-40c3-810a-9f9a7cb05aa4}\" StaticName=\"FloorName_text\" Name=\"FloorName_text\" />","<Field Type=\"Number\" DisplayName=\"FloorNumber_number\" Required=\"FALSE\" EnforceUniqueValues=\"FALSE\" Indexed=\"FALSE\" Decimals=\"0\" ID=\"{46c2489e-6e4a-4570-8efe-853fb8c41c89}\" StaticName=\"FloorNumber_number\" Name=\"FloorNumber_number\" />","<Field Type=\"Text\" DisplayName=\"BuildingName_text\" Required=\"FALSE\" EnforceUniqueValues=\"FALSE\" Indexed=\"FALSE\" MaxLength=\"255\" ID=\"{7a3c600f-55eb-4c04-97ec-cf89d594037d}\" StaticName=\"BuildingName_text\" Name=\"BuildingName_text\" />","<Field Type=\"Number\" DisplayName=\"BuldingNumber_number\" Required=\"FALSE\" EnforceUniqueValues=\"FALSE\" Indexed=\"FALSE\" Decimals=\"0\" ID=\"{cb78455d-09ad-41a5-999d-83fe0778ad6b}\" StaticName=\"BuldingNumber_number\" Name=\"BuldingNumber_number\" />","<Field Type=\"Text\" DisplayName=\"Division_text\" Required=\"FALSE\" EnforceUniqueValues=\"FALSE\" Indexed=\"FALSE\" MaxLength=\"255\" ID=\"{017dc496-638c-42c3-970a-d8dcd94f2824}\" StaticName=\"Division_text\" Name=\"Division_text\" />","<Field Type=\"Choice\" DisplayName=\"Division_choice\" Required=\"FALSE\" EnforceUniqueValues=\"FALSE\" Indexed=\"FALSE\" Format=\"Dropdown\" FillInChoice=\"FALSE\" ID=\"{309e5a9d-eddf-4209-891c-26209b10e5ab}\" StaticName=\"Division_choice\" Name=\"Division_choice\"><CHOICES><CHOICE>Hines VAMC</CHOICE><CHOICE>Aurora CBOC</CHOICE><CHOICE>Hoffman Estates CBOC</CHOICE><CHOICE>Joliet CBOC</CHOICE><CHOICE>Kankakee CBOC</CHOICE><CHOICE>Lasalle CBOC</CHOICE><CHOICE>Oak Lawn CBOC</CHOICE><CHOICE>OTHER</CHOICE></CHOICES></Field>","<Field Type=\"Note\" DisplayName=\"CombinedLocationDetails_multilinePlainText\" Required=\"FALSE\" EnforceUniqueValues=\"FALSE\" Indexed=\"FALSE\" NumLines=\"99\" RichText=\"FALSE\" Sortable=\"FALSE\" ID=\"{225d5826-208d-441a-aa6a-a1a70a6d943b}\" StaticName=\"CombinedLocationDetails_multilin\" Name=\"CombinedLocationDetails_multilin\" />","<Field Type=\"Thumbnail\" DisplayName=\"LocationMap_image\" Required=\"FALSE\" EnforceUniqueValues=\"FALSE\" Indexed=\"FALSE\" ID=\"{57ebe158-a108-4e7b-b265-0df2004b2697}\" StaticName=\"LocationMap_image\" Name=\"LocationMap_image\" />","<Field Type=\"Text\" DisplayName=\"Active_text\" Required=\"FALSE\" EnforceUniqueValues=\"FALSE\" Indexed=\"FALSE\" MaxLength=\"255\" ID=\"{21e03207-6d82-4b4e-b653-ed94b2986714}\" StaticName=\"Active_text\" Name=\"Active_text\" />","<Field Type=\"Boolean\" DisplayName=\"Active_boolean\" EnforceUniqueValues=\"FALSE\" Indexed=\"FALSE\" ID=\"{5038a69d-95b9-46ce-9508-796c5d41eabb}\" StaticName=\"Active_boolean\" Name=\"Active_boolean\"><Default>1</Default></Field>","<Field Type=\"Text\" DisplayName=\"Capacity_text\" Required=\"FALSE\" EnforceUniqueValues=\"FALSE\" Indexed=\"FALSE\" MaxLength=\"255\" ID=\"{238cbf5f-0284-4d90-ada6-ed976b4af9cf}\" StaticName=\"Capacity_text\" Name=\"Capacity_text\" />","<Field Type=\"Number\" DisplayName=\"Capacity_number\" Required=\"FALSE\" EnforceUniqueValues=\"FALSE\" Indexed=\"FALSE\" Decimals=\"0\" ID=\"{a656a741-f3e3-474a-8764-e558bf170a3b}\" StaticName=\"Capacity_number\" Name=\"Capacity_number\" />","<Field Type=\"Text\" DisplayName=\"VtelEquipped_text\" Required=\"FALSE\" EnforceUniqueValues=\"FALSE\" Indexed=\"FALSE\" MaxLength=\"255\" ID=\"{664b8f0b-5f9a-43db-8fa0-a92bcf1d2c75}\" StaticName=\"VtelEquipped_text\" Name=\"VtelEquipped_text\" />","<Field Type=\"Boolean\" DisplayName=\"VtelEquipped_boolean\" EnforceUniqueValues=\"FALSE\" Indexed=\"FALSE\" ID=\"{dbfbc84c-e922-4c39-95dd-db3bc9652a3a}\" StaticName=\"VtelEquipped_boolean\" Name=\"VtelEquipped_boolean\"><Default>0</Default></Field>","<Field Type=\"Text\" DisplayName=\"ProjectorEquipped_text\" Required=\"FALSE\" EnforceUniqueValues=\"FALSE\" Indexed=\"FALSE\" MaxLength=\"255\" ID=\"{99b005a2-7495-47c1-b369-951efbaa5d46}\" StaticName=\"ProjectorEquipped_text\" Name=\"ProjectorEquipped_text\" />","<Field Type=\"Boolean\" DisplayName=\"ProjectorEquipped_boolean\" EnforceUniqueValues=\"FALSE\" Indexed=\"FALSE\" ID=\"{c662f1eb-290a-4737-8603-36212407f153}\" StaticName=\"ProjectorEquipped_boolean\" Name=\"ProjectorEquipped_boolean\"><Default>0</Default></Field>","<Field Type=\"Text\" DisplayName=\"SmartboardEquipped_text\" Required=\"FALSE\" EnforceUniqueValues=\"FALSE\" Indexed=\"FALSE\" MaxLength=\"255\" ID=\"{159f2ef2-80a4-43b3-a447-c1340d34c5c7}\" StaticName=\"SmartboardEquipped_text\" Name=\"SmartboardEquipped_text\" />","<Field Type=\"Boolean\" DisplayName=\"SmartboardEquipped_boolean\" EnforceUniqueValues=\"FALSE\" Indexed=\"FALSE\" ID=\"{72ec273a-7aba-4732-b076-5f085b9b73cc}\" StaticName=\"SmartboardEquipped_boolean\" Name=\"SmartboardEquipped_boolean\"><Default>0</Default></Field>","<Field Type=\"Text\" DisplayName=\"POCemail_text\" Required=\"FALSE\" EnforceUniqueValues=\"FALSE\" Indexed=\"FALSE\" MaxLength=\"255\" ID=\"{b2ba7883-93ed-4077-b4a3-dfdfececd77e}\" StaticName=\"POCemail_text\" Name=\"POCemail_text\" />","<Field Type=\"User\" DisplayName=\"POCemail_person\" List=\"UserInfo\" Required=\"FALSE\" EnforceUniqueValues=\"FALSE\" ShowField=\"EMail\" UserSelectionMode=\"PeopleOnly\" UserSelectionScope=\"0\" ID=\"{92598919-2794-40e6-91de-048c282a3ea9}\" StaticName=\"POCemail_person\" Name=\"POCemail_person\" />","<Field Type=\"Text\" DisplayName=\"TrainingCoordEmail_text\" Required=\"FALSE\" EnforceUniqueValues=\"FALSE\" Indexed=\"FALSE\" MaxLength=\"255\" ID=\"{bfac5b8a-7baa-41f9-b336-bb599e777f85}\" StaticName=\"TrainingCoordEmail_text\" Name=\"TrainingCoordEmail_text\" />","<Field Type=\"UserMulti\" DisplayName=\"TrainingCoordEmail_multiPersonGroups\" List=\"UserInfo\" Required=\"FALSE\" EnforceUniqueValues=\"FALSE\" ShowField=\"EMail\" UserSelectionMode=\"PeopleAndGroups\" UserSelectionScope=\"0\" Mult=\"TRUE\" Sortable=\"FALSE\" ID=\"{abe2ce0e-abf3-44bc-b54f-0c74ec741145}\" StaticName=\"TrainingCoordEmail_multiPersonGr\" Name=\"TrainingCoordEmail_multiPersonGr\" />","<Field Type=\"DateTime\" DisplayName=\"InformationUpdated_dateTime\" Required=\"FALSE\" EnforceUniqueValues=\"FALSE\" Indexed=\"FALSE\" Format=\"DateTime\" FriendlyDisplayFormat=\"Disabled\" ID=\"{c211f228-3ed9-468c-bd9b-bc28320e3339}\" StaticName=\"InformationUpdated_dateTime\" Name=\"InformationUpdated_dateTime\"><Default>[today]</Default></Field>","<Field Type=\"Text\" DisplayName=\"AppLink_text\" Required=\"FALSE\" EnforceUniqueValues=\"FALSE\" Indexed=\"FALSE\" MaxLength=\"255\" ID=\"{327226e8-1735-4071-a347-f5e6c44b0220}\" StaticName=\"AppLink_text\" Name=\"AppLink_text\" />","<Field Type=\"URL\" DisplayName=\"AppLink_hyperlink\" Required=\"FALSE\" EnforceUniqueValues=\"FALSE\" Indexed=\"FALSE\" Format=\"Hyperlink\" ID=\"{7069d92c-7436-4274-ae7a-d0df89b52cf1}\" StaticName=\"AppLink_hyperlink\" Name=\"AppLink_hyperlink\" />","<Field Type=\"Text\" DisplayName=\"SharepointLink_text\" Required=\"FALSE\" EnforceUniqueValues=\"FALSE\" Indexed=\"FALSE\" MaxLength=\"255\" ID=\"{02ed6210-143c-4894-b9d1-5b2b1528107c}\" StaticName=\"SharepointLink_text\" Name=\"SharepointLink_text\" />","<Field Type=\"URL\" DisplayName=\"SharepointLink_hyperlink\" Required=\"FALSE\" EnforceUniqueValues=\"FALSE\" Indexed=\"FALSE\" Format=\"Hyperlink\" ID=\"{f40f6302-3353-4f6e-b6fc-ae253a73ac4f}\" StaticName=\"SharepointLink_hyperlink\" Name=\"SharepointLink_hyperlink\" />","<Field Type=\"Text\" DisplayName=\"HelpLink_text\" Required=\"FALSE\" EnforceUniqueValues=\"FALSE\" Indexed=\"FALSE\" MaxLength=\"255\" ID=\"{f40cd79a-dbfe-41ad-ab8e-8cdff414b459}\" StaticName=\"HelpLink_text\" Name=\"HelpLink_text\" />","<Field Type=\"URL\" DisplayName=\"HelpLink_hyperlink\" Required=\"FALSE\" EnforceUniqueValues=\"FALSE\" Indexed=\"FALSE\" Format=\"Hyperlink\" ID=\"{7ce93e72-5b1b-45a6-8c38-b0bf51f0fba7}\" StaticName=\"HelpLink_hyperlink\" Name=\"HelpLink_hyperlink\" />","<Field Type=\"Text\" DisplayName=\"HelpPhone_text\" Required=\"FALSE\" EnforceUniqueValues=\"FALSE\" Indexed=\"FALSE\" MaxLength=\"255\" ID=\"{922ec110-f3d6-4222-bd7e-c19c35f5a6d2}\" StaticName=\"HelpPhone_text\" Name=\"HelpPhone_text\" />","<Field ClientSideComponentId=\"00000000-0000-0000-0000-000000000000\" CommaSeparator=\"FALSE\" CustomUnitOnRight=\"FALSE\" Decimals=\"0\" DisplayName=\"HelpPhone_number\" Format=\"Dropdown\" Name=\"HelpPhone_number\" Percentage=\"FALSE\" Title=\"HelpPhone_number\" Type=\"Number\" Unit=\"None\" ID=\"{db497c9d-9c82-4e07-bf91-85e3361cdff5}\" StaticName=\"HelpPhone_number\" />","<Field Type=\"Text\" DisplayName=\"HelpPhoneExt_text\" Required=\"FALSE\" EnforceUniqueValues=\"FALSE\" Indexed=\"FALSE\" MaxLength=\"255\" ID=\"{1b0b6b68-b374-4a00-ae8d-17f03ff40fa8}\" StaticName=\"HelpPhoneExt_text\" Name=\"HelpPhoneExt_text\" />","<Field ClientSideComponentId=\"00000000-0000-0000-0000-000000000000\" CommaSeparator=\"FALSE\" CustomUnitOnRight=\"FALSE\" Decimals=\"0\" DisplayName=\"HelpPhoneExt_number\" Format=\"Dropdown\" Name=\"HelpPhoneExt_number\" Percentage=\"FALSE\" Title=\"HelpPhoneExt_number\" Type=\"Number\" Unit=\"None\" ID=\"{4d795618-5a3c-4cf6-be94-b5d3bd0c8e39}\" StaticName=\"HelpPhoneExt_number\" />","<Field ID=\"{fa564e0f-0c70-4ab9-b863-0177e6ddd247}\" Type=\"Text\" Name=\"Title\" DisplayName=\"Title\" Required=\"TRUE\" SourceID=\"http://schemas.microsoft.com/sharepoint/v3\" StaticName=\"Title\" FromBaseType=\"TRUE\" />","<Field AppendOnly=\"FALSE\" DisplayName=\"Description\" Format=\"Dropdown\" IsModern=\"TRUE\" IsolateStyles=\"FALSE\" Name=\"Description\" RichText=\"FALSE\" RichTextMode=\"Compatible\" Title=\"Description\" Type=\"Note\" ID=\"{367b983f-4807-460a-a00f-5a10f21e5a41}\" StaticName=\"Description\" />","<Field DisplayName=\"Desk Location\" Format=\"Hyperlink\" IsModern=\"TRUE\" Name=\"DeskLocation\" Title=\"Desk Location\" Type=\"URL\" ID=\"{d1b14213-f1c1-4cb7-b3c9-71afa6b3d518}\" StaticName=\"DeskLocation\" />","<Field ClientSideComponentId=\"00000000-0000-0000-0000-000000000000\" DisplayName=\"Room Location\" Format=\"Dropdown\" MaxLength=\"255\" Name=\"RoomLocation\" Title=\"Room Location\" Type=\"Text\" ID=\"{ec803bcd-1444-4b88-8255-3992db9e7f58}\" StaticName=\"RoomLocation\" />","<Field DisplayName=\"Floor\" Format=\"Dropdown\" IsModern=\"TRUE\" MaxLength=\"255\" Name=\"Floor\" Title=\"Floor\" Type=\"Text\" ID=\"{c7c2f8b6-3c52-4ec3-9c3a-7c2833bc1ec2}\" StaticName=\"Floor\" />","<Field CustomFormatter=\"{&quot;elmType&quot;:&quot;div&quot;,&quot;style&quot;:{&quot;flex-wrap&quot;:&quot;wrap&quot;,&quot;display&quot;:&quot;flex&quot;},&quot;children&quot;:[{&quot;elmType&quot;:&quot;div&quot;,&quot;style&quot;:{&quot;box-sizing&quot;:&quot;border-box&quot;,&quot;padding&quot;:&quot;4px 8px 5px 8px&quot;,&quot;overflow&quot;:&quot;hidden&quot;,&quot;text-overflow&quot;:&quot;ellipsis&quot;,&quot;display&quot;:&quot;flex&quot;,&quot;border-radius&quot;:&quot;16px&quot;,&quot;height&quot;:&quot;24px&quot;,&quot;align-items&quot;:&quot;center&quot;,&quot;white-space&quot;:&quot;nowrap&quot;,&quot;margin&quot;:&quot;4px 4px 4px 4px&quot;},&quot;attributes&quot;:{&quot;class&quot;:{&quot;operator&quot;:&quot;:&quot;,&quot;operands&quot;:[{&quot;operator&quot;:&quot;==&quot;,&quot;operands&quot;:[&quot;@currentField&quot;,&quot;Choice 1&quot;]},&quot;sp-css-backgroundColor-BgCornflowerBlue sp-field-fontSizeSmall sp-css-color-CornflowerBlueFont sp-css-color-CornflowerBlueFont&quot;,{&quot;operator&quot;:&quot;:&quot;,&quot;operands&quot;:[{&quot;operator&quot;:&quot;==&quot;,&quot;operands&quot;:[&quot;@currentField&quot;,&quot;Choice 2&quot;]},&quot;sp-css-backgroundColor-BgMintGreen sp-field-fontSizeSmall sp-css-color-MintGreenFont sp-css-color-MintGreenFont&quot;,{&quot;operator&quot;:&quot;:&quot;,&quot;operands&quot;:[{&quot;operator&quot;:&quot;==&quot;,&quot;operands&quot;:[&quot;@currentField&quot;,&quot;Choice 3&quot;]},&quot;sp-css-backgroundColor-BgGold sp-field-fontSizeSmall sp-css-color-GoldFont sp-css-color-GoldFont&quot;,{&quot;operator&quot;:&quot;:&quot;,&quot;operands&quot;:[{&quot;operator&quot;:&quot;==&quot;,&quot;operands&quot;:[&quot;@currentField&quot;,&quot;&quot;]},&quot;&quot;,&quot;sp-field-borderAllRegular sp-field-borderAllSolid sp-css-borderColor-neutralSecondary&quot;]}]}]}]}},&quot;children&quot;:[{&quot;elmType&quot;:&quot;span&quot;,&quot;style&quot;:{&quot;overflow&quot;:&quot;hidden&quot;,&quot;text-overflow&quot;:&quot;ellipsis&quot;,&quot;padding&quot;:&quot;0 3px&quot;},&quot;txtContent&quot;:&quot;@currentField&quot;,&quot;attributes&quot;:{&quot;class&quot;:{&quot;operator&quot;:&quot;:&quot;,&quot;operands&quot;:[{&quot;operator&quot;:&quot;==&quot;,&quot;operands&quot;:[&quot;@currentField&quot;,&quot;Choice 1&quot;]},&quot;sp-field-fontSizeSmall sp-css-color-CornflowerBlueFont&quot;,{&quot;operator&quot;:&quot;:&quot;,&quot;operands&quot;:[{&quot;operator&quot;:&quot;==&quot;,&quot;operands&quot;:[&quot;@currentField&quot;,&quot;Choice 2&quot;]},&quot;sp-field-fontSizeSmall sp-css-color-MintGreenFont&quot;,{&quot;operator&quot;:&quot;:&quot;,&quot;operands&quot;:[{&quot;operator&quot;:&quot;==&quot;,&quot;operands&quot;:[&quot;@currentField&quot;,&quot;Choice 3&quot;]},&quot;sp-field-fontSizeSmall sp-css-color-GoldFont&quot;,{&quot;operator&quot;:&quot;:&quot;,&quot;operands&quot;:[{&quot;operator&quot;:&quot;==&quot;,&quot;operands&quot;:[&quot;@currentField&quot;,&quot;&quot;]},&quot;&quot;,&quot;&quot;]}]}]}]}}}]}],&quot;templateId&quot;:&quot;BgColorChoicePill&quot;}\" DisplayName=\"Division\" FillInChoice=\"FALSE\" Format=\"Dropdown\" IsModern=\"TRUE\" Name=\"Division\" Title=\"Division\" Type=\"Choice\" ID=\"{730bbf32-436c-4aed-82a5-ec5f06af6b74}\" StaticName=\"Division\" Required=\"FALSE\" EnforceUniqueValues=\"FALSE\" Indexed=\"FALSE\"><CHOICES><CHOICE>Hines VAMC</CHOICE><CHOICE>Aurora CBOC</CHOICE><CHOICE>Hoffman Estates CBOC</CHOICE><CHOICE>Joliet CBOC</CHOICE><CHOICE>Kankakee CBOC</CHOICE><CHOICE>Lasalle CBOC</CHOICE><CHOICE>Oak Lawn CBOC</CHOICE></CHOICES></Field>","<Field ClientSideComponentId=\"00000000-0000-0000-0000-000000000000\" DisplayName=\"RoomPicture\" Format=\"Hyperlink\" Name=\"RoomLocation0\" Title=\"RoomPicture\" Type=\"URL\" ID=\"{8b6bafd6-63ad-47b4-9a90-932236d8f599}\" StaticName=\"RoomLocation0\" />","<Field ClientSideComponentId=\"00000000-0000-0000-0000-000000000000\" CommaSeparator=\"TRUE\" CustomUnitOnRight=\"TRUE\" DisplayName=\"Active\" Format=\"Dropdown\" Name=\"Active\" Percentage=\"FALSE\" Title=\"Active\" Type=\"Number\" Unit=\"None\" ID=\"{a5481455-68d5-41c9-bd74-835f18fe6f34}\" StaticName=\"Active\"><Default>1</Default></Field>","<Field DisplayName=\"POC\" Format=\"Dropdown\" IsModern=\"TRUE\" List=\"UserInfo\" Name=\"POC\" Title=\"POC\" Type=\"User\" UserSelectionMode=\"0\" UserSelectionScope=\"0\" ID=\"{a3465405-bd7c-4c35-b0ab-d7c0c72e6adc}\" StaticName=\"POC\" />","<Field DisplayName=\"SecondPOC\" Format=\"Dropdown\" IsModern=\"TRUE\" List=\"UserInfo\" Name=\"SecondPOC\" Title=\"SecondPOC\" Type=\"User\" UserSelectionMode=\"0\" UserSelectionScope=\"0\" ID=\"{052fa54f-a58d-4864-a973-984d7e04aeb5}\" StaticName=\"SecondPOC\" />","<Field Name=\"Capacity\" FromBaseType=\"FALSE\" Type=\"Number\" DisplayName=\"Capacity\" Required=\"FALSE\" EnforceUniqueValues=\"FALSE\" Indexed=\"FALSE\" ID=\"{9196afcc-65df-4f06-8b1a-a13832012d02}\" StaticName=\"Capacity\" />","<Field ClientSideComponentId=\"00000000-0000-0000-0000-000000000000\" CustomFormatter=\"{&quot;elmType&quot;:&quot;div&quot;,&quot;style&quot;:{&quot;flex-wrap&quot;:&quot;wrap&quot;,&quot;display&quot;:&quot;flex&quot;},&quot;children&quot;:[{&quot;elmType&quot;:&quot;div&quot;,&quot;style&quot;:{&quot;box-sizing&quot;:&quot;border-box&quot;,&quot;padding&quot;:&quot;4px 8px 5px 8px&quot;,&quot;overflow&quot;:&quot;hidden&quot;,&quot;text-overflow&quot;:&quot;ellipsis&quot;,&quot;display&quot;:&quot;flex&quot;,&quot;border-radius&quot;:&quot;16px&quot;,&quot;height&quot;:&quot;24px&quot;,&quot;align-items&quot;:&quot;center&quot;,&quot;white-space&quot;:&quot;nowrap&quot;,&quot;margin&quot;:&quot;4px 4px 4px 4px&quot;},&quot;attributes&quot;:{&quot;class&quot;:{&quot;operator&quot;:&quot;:&quot;,&quot;operands&quot;:[{&quot;operator&quot;:&quot;==&quot;,&quot;operands&quot;:[&quot;[$Asset]&quot;,&quot;&quot;]},&quot;&quot;,{&quot;operator&quot;:&quot;:&quot;,&quot;operands&quot;:[{&quot;operator&quot;:&quot;==&quot;,&quot;operands&quot;:[&quot;[$Asset]&quot;,&quot;Desk&quot;]},&quot;sp-css-backgroundColor-BgCornflowerBlue sp-css-color-CornflowerBlueFont sp-css-color-CornflowerBlueFont&quot;,{&quot;operator&quot;:&quot;:&quot;,&quot;operands&quot;:[{&quot;operator&quot;:&quot;==&quot;,&quot;operands&quot;:[&quot;[$Asset]&quot;,&quot;Item&quot;]},&quot;sp-css-backgroundColor-BgMintGreen sp-css-color-MintGreenFont sp-css-color-MintGreenFont&quot;,{&quot;operator&quot;:&quot;:&quot;,&quot;operands&quot;:[{&quot;operator&quot;:&quot;==&quot;,&quot;operands&quot;:[&quot;[$Asset]&quot;,&quot;Room&quot;]},&quot;sp-css-backgroundColor-BgGold sp-field-fontSizeSmall sp-css-color-GoldFont sp-css-color-GoldFont&quot;,&quot;sp-field-borderAllRegular sp-field-borderAllSolid sp-css-borderColor-neutralSecondary&quot;]}]}]}]}},&quot;children&quot;:[{&quot;elmType&quot;:&quot;span&quot;,&quot;style&quot;:{&quot;overflow&quot;:&quot;hidden&quot;,&quot;text-overflow&quot;:&quot;ellipsis&quot;,&quot;padding&quot;:&quot;0 3px&quot;},&quot;txtContent&quot;:&quot;[$Asset]&quot;,&quot;attributes&quot;:{&quot;class&quot;:{&quot;operator&quot;:&quot;:&quot;,&quot;operands&quot;:[{&quot;operator&quot;:&quot;==&quot;,&quot;operands&quot;:[&quot;[$Asset]&quot;,&quot;&quot;]},&quot;&quot;,{&quot;operator&quot;:&quot;:&quot;,&quot;operands&quot;:[{&quot;operator&quot;:&quot;==&quot;,&quot;operands&quot;:[&quot;[$Asset]&quot;,&quot;Desk&quot;]},&quot;sp-css-color-CornflowerBlueFont&quot;,{&quot;operator&quot;:&quot;:&quot;,&quot;operands&quot;:[{&quot;operator&quot;:&quot;==&quot;,&quot;operands&quot;:[&quot;[$Asset]&quot;,&quot;Item&quot;]},&quot;sp-css-color-MintGreenFont&quot;,{&quot;operator&quot;:&quot;:&quot;,&quot;operands&quot;:[{&quot;operator&quot;:&quot;==&quot;,&quot;operands&quot;:[&quot;[$Asset]&quot;,&quot;Room&quot;]},&quot;sp-field-fontSizeSmall sp-css-color-GoldFont&quot;,&quot;&quot;]}]}]}]}}}]}],&quot;templateId&quot;:&quot;BgColorChoicePill&quot;}\" DisplayName=\"Asset\" FillInChoice=\"FALSE\" Format=\"Dropdown\" Name=\"Asset\" Title=\"Asset\" Type=\"Choice\" ID=\"{b5a904cd-e1f2-4888-adb3-96c2bdc141e2}\" StaticName=\"Asset\"><CHOICES><CHOICE>Desk</CHOICE><CHOICE>Item</CHOICE><CHOICE>Room</CHOICE></CHOICES></Field>","<Field DisplayName=\"VTel\" Format=\"Hyperlink\" IsModern=\"TRUE\" Name=\"VTel\" Title=\"VTel\" Type=\"URL\" ID=\"{19fec8c1-b53c-4f56-a44f-2abb1aae979b}\" StaticName=\"VTel\" />","<Field DisplayName=\"Projector/TV\" Format=\"Hyperlink\" IsModern=\"TRUE\" Name=\"Projector_x002f_TV\" Title=\"Projector/TV\" Type=\"URL\" ID=\"{40bd9010-ee13-4194-97ad-ae1c028a4a96}\" StaticName=\"Projector_x002f_TV\" />","<Field DisplayName=\"Smart Board\" Format=\"Hyperlink\" IsModern=\"TRUE\" Name=\"SmartBoard\" Title=\"Smart Board\" Type=\"URL\" ID=\"{c33e0620-ea6b-4e29-8d99-57997a06ec9c}\" StaticName=\"SmartBoard\" />","<Field DisplayName=\"Map Link\" Format=\"Hyperlink\" IsModern=\"TRUE\" Name=\"MapLink\" Title=\"Map Link\" Type=\"URL\" ID=\"{c97a203f-9f83-4c1d-b53d-b808518961f6}\" StaticName=\"MapLink\" />","<Field ID=\"{82642ec8-ef9b-478f-acf9-31f7d45fbc31}\" ReadOnly=\"TRUE\" Type=\"Computed\" Name=\"LinkTitle\" DisplayName=\"Title\" DisplayNameSrcField=\"Title\" ClassInfo=\"Menu\" AuthoringInfo=\"(linked to item with edit menu)\" ListItemMenuAllowed=\"Required\" LinkToItemAllowed=\"Prohibited\" SourceID=\"http://schemas.microsoft.com/sharepoint/v3\" StaticName=\"LinkTitle\" FromBaseType=\"TRUE\"><FieldRefs><FieldRef Name=\"Title\" /><FieldRef Name=\"LinkTitleNoMenu\" /><FieldRef Name=\"_EditMenuTableStart2\" /><FieldRef Name=\"_EditMenuTableEnd\" /></FieldRefs><DisplayPattern><FieldSwitch><Expr><GetVar Name=\"FreeForm\" /></Expr><Case Value=\"TRUE\"><Field Name=\"LinkTitleNoMenu\" /></Case><Default><HTML><![CDATA[<div class=\"ms-vb itx\" onmouseover=\"OnItem(this)\" CTXName=\"ctx]]></HTML><Field Name=\"_EditMenuTableStart2\" /><HTML><![CDATA[\">]]></HTML><Field Name=\"LinkTitleNoMenu\" /><HTML><![CDATA[</div>]]></HTML><HTML><![CDATA[<div class=\"s4-ctx\" onmouseover=\"OnChildItem(this.parentNode); return false;\">]]></HTML><HTML><![CDATA[<span>&nbsp;</span>]]></HTML><HTML><![CDATA[<a onfocus=\"OnChildItem(this.parentNode.parentNode); return false;\" onclick=\"PopMenuFromChevron(event); return false;\" href=\"javascript:;\" title=\"Open Menu\"></a>]]></HTML><HTML><![CDATA[<span>&nbsp;</span>]]></HTML><HTML><![CDATA[</div>]]></HTML></Default></FieldSwitch></DisplayPattern></Field>"]}
"ItemType_choice","ItemType_text","Description_multilinePlainText","DeskNumber_number","DeskName_text","DeskPhoneExt_number","DeskPhoneExt_text","DeskPhoto_image","RoomName_text","RoomNumber_number","RoomPhoneExt_number","RoomPhoneExt_text","RoomPhoto_image","FloorNumber_number","FloorName_text","BuldingNumber_number","BuildingName_text","Division_choice","Division_text","CombinedLocationDetails_multilinePlainText","LocationMap_image","Capacity_number","Capacity_text","ProjectorEquipped_boolean","ProjectorEquipped_text","SmartboardEquipped_boolean","SmartboardEquipped_text","VtelEquipped_boolean","VtelEquipped_text","POCemail_person","POCemail_text","TrainingCoordEmail_multiPersonGroups","TrainingCoordEmail_text","Active_boolean","Active_text","AppLink_hyperlink","AppLink_text","HelpLink_hyperlink","HelpLink_text","HelpPhone_number","HelpPhone_text","HelpPhoneExt_number","HelpPhoneExt_text","SharepointLink_hyperlink","SharepointLink_text","InformationUpdated_dateTime","Created","Created By","Modified","Modified By","Version","ID","Attachments","Description","Desk Location","Room Location","Floor","Division","RoomPicture","Active","POC","SecondPOC","Capacity","Asset","VTel","Projector/TV","Smart Board","Map Link","Title","Compliance Asset Id","Item Child Count","Folder Child Count","Label setting","Retention label","Retention label Applied","Label applied by","Item is a Record"
,,,,,,,,,,,,,,,,,,,,,,,"False",,"False",,"False",,,,,,"False",,,,,,,,,,,,,"2025-12-19T17:33:54Z","Kyle.Coder@va.gov","2026-01-21T16:27:49Z","Kyle.Coder@va.gov","2.0","83","0",,,"Benton Harbor CBOC, RM118",,,,"1",,,,"Desk",,,,,"Benton Harbor CBOC, RM118, Desk 4",,"0","0",,,,,
,,,,,,,,,,,,,,,,,,,,,,,"False",,"False",,"False",,,,,,"True",,,,,,,,,,,,"2026-01-21T16:27:12Z","2026-01-21T16:27:12Z","Kyle.Coder@va.gov","2026-01-21T16:27:46Z","Kyle.Coder@va.gov","2.0","187","0","asdfasdfasdf",,"12312312",,,,"0",,,"4","Room",,,,,"123123",,"0","0",,,,,
,,,,,,,,,,,,,,,,,,,,,,,"False",,"False",,"False",,,,,,"False",,,,,,,,,,,,,"2025-12-19T17:33:47Z","Kyle.Coder@va.gov","2026-01-21T16:27:34Z","Kyle.Coder@va.gov","2.0","26","0",,,"Bldg. 6, RM104",,,,"0",,,,"Desk",,,,,"Bldg. 6, RM104, Desk 1 ",,"0","0",,,,,
"Desk","Desk","placeholder: Description_multilinePlainText","3","Desk 3","26663","26663","Reserved_ImageAttachment_[15]_[DeskPhoto_image][32]_[74daab0610be4bd7bbd51bead74e597c][2]_[10].jpeg","Room GA141","141","29941","29941","Reserved_ImageAttachment_[15]_[RoomPhoto_image][32]_[10d1d1a9af864b9ea7f6f9c3b9473b58][2]_[12].jpeg","6","Floor 6","110","Building 110","Hines VAMC","Hines VAMC","Desk: 3;
Room: GA141;
Floor: 6;
Building: 110;
Division: Hines VAMC;
Facility: Edward Hines Jr. VA Hospital (v12/578);","Reserved_ImageAttachment_[17]_[LocationMap_image][32]_[6de49b1dbfcb40e69d141f3b40d3cb60][2]_[14].png","1","1","True","Yes","False","No","False","No","Ara.Zakarian@va.gov","Ara.Zakarian@va.gov","Brenda.Beben@va.gov;Amy.Garner2@va.gov;Celina.Ceballo@va.gov;HinesEHRMCLT@va.gov","Brenda.Beben@va.gov; Amy.Garner2@va.gov; Celina.Ceballo@va.gov;","True","Yes","https://apps.gov.powerapps.us/play/e/default-e95f1b23-abaf-45ee-821d-b7ab251ab3bf/a/9aff90ae-fb68-4e6b-be54-d61f76f7266c","https://apps.gov.powerapps.us/play/e/default-e95f1b23-abaf-45ee-821d-b7ab251ab3bf/a/9aff90ae-fb68-4e6b-be54-d61f76f7266c","/sites/vhahin/svc/ci/SitePages/Federal-Electronic-Health-Record.aspx","https://dvagov.sharepoint.com/sites/vhahin/svc/ci/SitePages/Federal-Electronic-Health-Record.aspx","7082022777","(708) 202-2777","32277","32277","/sites/HinesInformatics&AdvancedAnalytics/578_EHRM_TrainingApp","https://dvagov.sharepoint.com/sites/HinesInformatics&AdvancedAnalytics/578_EHRM_TrainingApp","2026-01-21T15:02:00Z","2026-01-21T15:26:17Z","Kyle.Coder@va.gov","2026-01-21T16:21:19Z","Kyle.Coder@va.gov","18.0","186","1","placeholder: Description","/sites/vhahines","Room: GA141; Floor: 6; Building: 110; Division: Hines VAMC; Facility: Edward Hines Jr. VA Hospital (v12/578);","Floor: 6; Building: 110; Division: Hines VAMC; Facility: Edward Hines Jr. VA Hospital (v12/578);","Hines VAMC","/:i:/r/sites/HinesInformatics%26AdvancedAnalytics/578_EHRM_TrainingApp/Shared%20Documents/photoRoomGA141_floor6_bldg110_divUptown.jpeg","1","Ara.Zakarian@va.gov","Brenda.Beben@va.gov","1","Desk","/:i:/r/sites/HinesInformatics%26AdvancedAnalytics/578_EHRM_TrainingApp/Shared%20Documents/logoVAHealth.png","/:i:/r/sites/HinesInformatics%26AdvancedAnalytics/578_EHRM_TrainingApp/Shared%20Documents/logoProjector.jpeg","/:i:/r/sites/HinesInformatics%26AdvancedAnalytics/578_EHRM_TrainingApp/Shared%20Documents/logoSmartboard.png","/:b:/r/sites/vhahines/Shared%20Documents/Maps/Hines%20VA%20Hospital%20map.pdf","placeholder: Title",,"0","0",,,,,
,,,,,,,,,,,,,,,,,,,,,,,"False",,"False",,"False",,,,,,"False",,,,,,,,,,,,,"2025-12-19T17:33:45Z","Kyle.Coder@va.gov","2026-01-06T20:13:33Z","Kyle.Coder@va.gov","9.0","3","0","Description",,"Bldg. 8, RM105","Floor:","Hines VAMC",,"1","Matthew.Olson@va.gov","Corey.Winn@va.gov","1","Desk",,,,"https://maps.app.goo.gl/ai6RXrZwguyTVUt68","Bldg. 8, RM105, Desk 2",,"0","0",,,,,
,,,,,,,,,,,,,,,,,,,,,,,"False",,"False",,"False",,,,,,"False",,,,,,,,,,,,,"2025-12-19T17:34:05Z","Kyle.Coder@va.gov","2025-12-19T17:34:05Z","Kyle.Coder@va.gov","1.0","177","0",,,"Bldg. 9, RM206",,,,"1",,,,"Desk",,,,,"Bldg. 9, RM206, Desk 4",,"0","0",,,,,
,,,,,,,,,,,,,,,,,,,,,,,"False",,"False",,"False",,,,,,"False",,,,,,,,,,,,,"2025-12-19T17:34:05Z","Kyle.Coder@va.gov","2025-12-19T17:34:05Z","Kyle.Coder@va.gov","1.0","178","0",,,"Bldg. 9, RM206",,,,"1",,,,"Desk",,,,,"Bldg. 9, RM206, Desk 5",,"0","0",,,,,
,,,,,,,,,,,,,,,,,,,,,,,"False",,"False",,"False",,,,,,"False",,,,,,,,,,,,,"2025-12-19T17:34:05Z","Kyle.Coder@va.gov","2025-12-19T17:34:05Z","Kyle.Coder@va.gov","1.0","179","0",,,"Bldg. 9, RM206",,,,"1",,,,"Desk",,,,,"Bldg. 9, RM206, Desk 6",,"0","0",,,,,
,,,,,,,,,,,,,,,,,,,,,,,"False",,"False",,"False",,,,,,"False",,,,,,,,,,,,,"2025-12-19T17:34:05Z","Kyle.Coder@va.gov","2025-12-19T17:34:05Z","Kyle.Coder@va.gov","1.0","180","0",,,"Bldg. 9, RM206",,,,"1",,,,"Desk",,,,,"Bldg. 9, RM206, Desk 7",,"0","0",,,,,
,,,,,,,,,,,,,,,,,,,,,,,"False",,"False",,"False",,,,,,"False",,,,,,,,,,,,,"2025-12-19T17:34:05Z","Kyle.Coder@va.gov","2025-12-19T17:34:05Z","Kyle.Coder@va.gov","1.0","181","0",,,"Bldg. 9, RM206",,,,"1",,,,"Desk",,,,,"Bldg. 9, RM206, Desk 8",,"0","0",,,,,
,,,,,,,,,,,,,,,,,,,,,,,"False",,"False",,"False",,,,,,"False",,,,,,,,,,,,,"2025-12-19T17:34:05Z","Kyle.Coder@va.gov","2025-12-19T17:34:05Z","Kyle.Coder@va.gov","1.0","182","0",,,"Bldg. 9, RM206",,,,"1",,,,"Desk",,,,,"Bldg. 9, RM206, Desk 9",,"0","0",,,,,
,,,,,,,,,,,,,,,,,,,,,,,"False",,"False",,"False",,,,,,"False",,,,,,,,,,,,,"2025-12-19T17:34:05Z","Kyle.Coder@va.gov","2025-12-19T17:34:05Z","Kyle.Coder@va.gov","1.0","183","0",,,"Bldg. 9, RM206",,,,"1",,,,"Desk",,,,,"Bldg. 9, RM206, Desk 10",,"0","0",,,,,
,,,,,,,,,,,,,,,,,,,,,,,"False",,"False",,"False",,,,,,"False",,,,,,,,,,,,,"2025-12-19T17:34:05Z","Kyle.Coder@va.gov","2025-12-19T17:34:05Z","Kyle.Coder@va.gov","1.0","184","0",,,"Bldg. 9, RM206",,,,"1",,,,"Desk",,,,,"Bldg. 9, RM206, Desk 11",,"0","0",,,,,
,,,,,,,,,,,,,,,,,,,,,,,"False",,"False",,"False",,,,,,"False",,,,,,,,,,,,,"2025-12-19T17:34:05Z","Kyle.Coder@va.gov","2025-12-19T17:34:05Z","Kyle.Coder@va.gov","1.0","185","0",,,"Bldg. 9, RM206",,,,"1",,,,"Desk",,,,,"Bldg. 9, RM206, Desk 12",,"0","0",,,,,
,,,,,,,,,,,,,,,,,,,,,,,"False",,"False",,"False",,,,,,"False",,,,,,,,,,,,,"2025-12-19T17:34:04Z","Kyle.Coder@va.gov","2025-12-19T17:34:04Z","Kyle.Coder@va.gov","1.0","167","0",,,"Wyoming CBOC, RM1A100A",,,,"1",,,,"Desk",,,,,"Wyoming CBOC, RM1A100A, Desk 1",,"0","0",,,,,
,,,,,,,,,,,,,,,,,,,,,,,"False",,"False",,"False",,,,,,"False",,,,,,,,,,,,,"2025-12-19T17:34:04Z","Kyle.Coder@va.gov","2025-12-19T17:34:04Z","Kyle.Coder@va.gov","1.0","168","0",,,"Wyoming CBOC, RM1A100A",,,,"1",,,,"Desk",,,,,"Wyoming CBOC, RM1A100A, Desk 2",,"0","0",,,,,
,,,,,,,,,,,,,,,,,,,,,,,"False",,"False",,"False",,,,,,"False",,,,,,,,,,,,,"2025-12-19T17:34:04Z","Kyle.Coder@va.gov","2025-12-19T17:34:04Z","Kyle.Coder@va.gov","1.0","169","0",,,"Wyoming CBOC, RM1A100A",,,,"1",,,,"Desk",,,,,"Wyoming CBOC, RM1A100A, Desk 3",,"0","0",,,,,
,,,,,,,,,,,,,,,,,,,,,,,"False",,"False",,"False",,,,,,"False",,,,,,,,,,,,,"2025-12-19T17:34:04Z","Kyle.Coder@va.gov","2025-12-19T17:34:04Z","Kyle.Coder@va.gov","1.0","170","0",,,"Wyoming CBOC, RM1A100A",,,,"1",,,,"Desk",,,,,"Wyoming CBOC, RM1A100A, Desk 4",,"0","0",,,,,
,,,,,,,,,,,,,,,,,,,,,,,"False",,"False",,"False",,,,,,"False",,,,,,,,,,,,,"2025-12-19T17:34:04Z","Kyle.Coder@va.gov","2025-12-19T17:34:04Z","Kyle.Coder@va.gov","1.0","171","0",,,"Wyoming CBOC, RM1A100A",,,,"1",,,,"Desk",,,,,"Wyoming CBOC, RM1A100A, Desk 5",,"0","0",,,,,
,,,,,,,,,,,,,,,,,,,,,,,"False",,"False",,"False",,,,,,"False",,,,,,,,,,,,,"2025-12-19T17:34:04Z","Kyle.Coder@va.gov","2025-12-19T17:34:04Z","Kyle.Coder@va.gov","1.0","172","0",,,"Wyoming CBOC, RM1A100A",,,,"1",,,,"Desk",,,,,"Wyoming CBOC, RM1A100A, Desk 6",,"0","0",,,,,
,,,,,,,,,,,,,,,,,,,,,,,"False",,"False",,"False",,,,,,"False",,,,,,,,,,,,,"2025-12-19T17:34:04Z","Kyle.Coder@va.gov","2025-12-19T17:34:04Z","Kyle.Coder@va.gov","1.0","173","0",,,"Bldg. 9, RM206",,,,"1",,,,"Desk",,,,,"Bldg. 9, RM206",,"0","0",,,,,
,,,,,,,,,,,,,,,,,,,,,,,"False",,"False",,"False",,,,,,"False",,,,,,,,,,,,,"2025-12-19T17:34:04Z","Kyle.Coder@va.gov","2025-12-19T17:34:04Z","Kyle.Coder@va.gov","1.0","174","0",,,"Bldg. 9, RM206",,,,"1",,,,"Desk",,,,,"Bldg. 9, RM206, Desk 1 ",,"0","0",,,,,
,,,,,,,,,,,,,,,,,,,,,,,"False",,"False",,"False",,,,,,"False",,,,,,,,,,,,,"2025-12-19T17:34:04Z","Kyle.Coder@va.gov","2025-12-19T17:34:04Z","Kyle.Coder@va.gov","1.0","175","0",,,"Bldg. 9, RM206",,,,"1",,,,"Desk",,,,,"Bldg. 9, RM206, Desk 2",,"0","0",,,,,
,,,,,,,,,,,,,,,,,,,,,,,"False",,"False",,"False",,,,,,"False",,,,,,,,,,,,,"2025-12-19T17:34:04Z","Kyle.Coder@va.gov","2025-12-19T17:34:04Z","Kyle.Coder@va.gov","1.0","176","0",,,"Bldg. 9, RM206",,,,"1",,,,"Desk",,,,,"Bldg. 9, RM206, Desk 3",,"0","0",,,,,
,,,,,,,,,,,,,,,,,,,,,,,"False",,"False",,"False",,,,,,"False",,,,,,,,,,,,,"2025-12-19T17:34:03Z","Kyle.Coder@va.gov","2025-12-19T17:34:03Z","Kyle.Coder@va.gov","1.0","158","0",,,"Muskegon CBOC, RM153",,,,"0",,,,"Desk",,,,,"Muskegon CBOC, RM153, Desk 5",,"0","0",,,,,
,,,,,,,,,,,,,,,,,,,,,,,"False",,"False",,"False",,,,,,"False",,,,,,,,,,,,,"2025-12-19T17:34:03Z","Kyle.Coder@va.gov","2025-12-19T17:34:03Z","Kyle.Coder@va.gov","1.0","159","0",,,"Muskegon CBOC, RM153",,,,"0",,,,"Desk",,,,,"Muskegon CBOC, RM153, Desk 6",,"0","0",,,,,
,,,,,,,,,,,,,,,,,,,,,,,"False",,"False",,"False",,,,,,"False",,,,,,,,,,,,,"2025-12-19T17:34:03Z","Kyle.Coder@va.gov","2025-12-19T17:34:03Z","Kyle.Coder@va.gov","1.0","160","0",,,"Muskegon CBOC, RM153",,,,"1",,,,"Desk",,,,,"Muskegon CBOC, RM153, Desk 7",,"0","0",,,,,
,,,,,,,,,,,,,,,,,,,,,,,"False",,"False",,"False",,,,,,"False",,,,,,,,,,,,,"2025-12-19T17:34:03Z","Kyle.Coder@va.gov","2025-12-19T17:34:03Z","Kyle.Coder@va.gov","1.0","161","0",,,"Muskegon CBOC, RM153",,,,"1",,,,"Desk",,,,,"Muskegon CBOC, RM153, Desk 8",,"0","0",,,,,
,,,,,,,,,,,,,,,,,,,,,,,"False",,"False",,"False",,,,,,"False",,,,,,,,,,,,,"2025-12-19T17:34:03Z","Kyle.Coder@va.gov","2025-12-19T17:34:03Z","Kyle.Coder@va.gov","1.0","162","0",,,"Muskegon CBOC, RM153",,,,"0",,,,"Desk",,,,,"Muskegon CBOC, RM153, Desk 9",,"0","0",,,,,
,,,,,,,,,,,,,,,,,,,,,,,"False",,"False",,"False",,,,,,"False",,,,,,,,,,,,,"2025-12-19T17:34:03Z","Kyle.Coder@va.gov","2025-12-19T17:34:03Z","Kyle.Coder@va.gov","1.0","163","0",,,"Muskegon CBOC, RM153",,,,"1",,,,"Desk",,,,,"Muskegon CBOC, RM153, Desk 10",,"0","0",,,,,
,,,,,,,,,,,,,,,,,,,,,,,"False",,"False",,"False",,,,,,"False",,,,,,,,,,,,,"2025-12-19T17:34:03Z","Kyle.Coder@va.gov","2025-12-19T17:34:03Z","Kyle.Coder@va.gov","1.0","164","0",,,"Muskegon CBOC, RM153",,,,"0",,,,"Desk",,,,,"Muskegon CBOC, RM153, Desk 11",,"0","0",,,,,
,,,,,,,,,,,,,,,,,,,,,,,"False",,"False",,"False",,,,,,"False",,,,,,,,,,,,,"2025-12-19T17:34:03Z","Kyle.Coder@va.gov","2025-12-19T17:34:03Z","Kyle.Coder@va.gov","1.0","165","0",,,"Muskegon CBOC, RM153",,,,"0",,,,"Desk",,,,,"Muskegon CBOC, RM153, Desk 12",,"0","0",,,,,
,,,,,,,,,,,,,,,,,,,,,,,"False",,"False",,"False",,,,,,"False",,,,,,,,,,,,,"2025-12-19T17:34:03Z","Kyle.Coder@va.gov","2025-12-19T17:34:03Z","Kyle.Coder@va.gov","1.0","166","0",,,"Wyoming CBOC, RM1A100A",,,,"1",,,,"Room",,,,,"Wyoming CBOC, RM1A100A",,"0","0",,,,,
,,,,,,,,,,,,,,,,,,,,,,,"False",,"False",,"False",,,,,,"False",,,,,,,,,,,,,"2025-12-19T17:34:02Z","Kyle.Coder@va.gov","2025-12-19T17:34:02Z","Kyle.Coder@va.gov","1.0","142","0",,,"Bldg. 11, RM210",,,,"0",,,,"Desk",,,,,"Bldg. 11, RM210, Desk 5",,"0","0",,,,,
,,,,,,,,,,,,,,,,,,,,,,,"False",,"False",,"False",,,,,,"False",,,,,,,,,,,,,"2025-12-19T17:34:02Z","Kyle.Coder@va.gov","2025-12-19T17:34:02Z","Kyle.Coder@va.gov","1.0","143","0",,,"Bldg. 11, RM210",,,,"0",,,,"Desk",,,,,"Bldg. 11, RM210, Desk 6",,"0","0",,,,,
,,,,,,,,,,,,,,,,,,,,,,,"False",,"False",,"False",,,,,,"False",,,,,,,,,,,,,"2025-12-19T17:34:02Z","Kyle.Coder@va.gov","2025-12-19T17:34:02Z","Kyle.Coder@va.gov","1.0","144","0",,,"Bldg. 11, RM210",,,,"0",,,,"Desk",,,,,"Bldg. 11, RM210, Desk 7",,"0","0",,,,,
,,,,,,,,,,,,,,,,,,,,,,,"False",,"False",,"False",,,,,,"False",,,,,,,,,,,,,"2025-12-19T17:34:02Z","Kyle.Coder@va.gov","2025-12-19T17:34:02Z","Kyle.Coder@va.gov","1.0","145","0",,,"Bldg. 11, RM210",,,,"0",,,,"Desk",,,,,"Bldg. 11, RM210, Desk 8",,"0","0",,,,,
,,,,,,,,,,,,,,,,,,,,,,,"False",,"False",,"False",,,,,,"False",,,,,,,,,,,,,"2025-12-19T17:34:02Z","Kyle.Coder@va.gov","2025-12-19T17:34:02Z","Kyle.Coder@va.gov","1.0","146","0",,,"Bldg. 11, RM210",,,,"0",,,,"Desk",,,,,"Bldg. 11, RM210, Desk 9",,"0","0",,,,,
,,,,,,,,,,,,,,,,,,,,,,,"False",,"False",,"False",,,,,,"False",,,,,,,,,,,,,"2025-12-19T17:34:02Z","Kyle.Coder@va.gov","2025-12-19T17:34:02Z","Kyle.Coder@va.gov","1.0","147","0",,,"Bldg. 11, RM210",,,,"0",,,,"Desk",,,,,"Bldg. 11, RM210, Desk 10",,"0","0",,,,,
,,,,,,,,,,,,,,,,,,,,,,,"False",,"False",,"False",,,,,,"False",,,,,,,,,,,,,"2025-12-19T17:34:02Z","Kyle.Coder@va.gov","2025-12-19T17:34:02Z","Kyle.Coder@va.gov","1.0","148","0",,,"Bldg. 11, RM210",,,,"0",,,,"Desk",,,,,"Bldg. 11, RM210, Desk 11",,"0","0",,,,,
,,,,,,,,,,,,,,,,,,,,,,,"False",,"False",,"False",,,,,,"False",,,,,,,,,,,,,"2025-12-19T17:34:02Z","Kyle.Coder@va.gov","2025-12-19T17:34:02Z","Kyle.Coder@va.gov","1.0","149","0",,,"Bldg. 11, RM210",,,,"0",,,,"Desk",,,,,"Bldg. 11, RM210, Desk 12",,"0","0",,,,,
,,,,,,,,,,,,,,,,,,,,,,,"False",,"False",,"False",,,,,,"False",,,,,,,,,,,,,"2025-12-19T17:34:02Z","Kyle.Coder@va.gov","2025-12-19T17:34:02Z","Kyle.Coder@va.gov","1.0","150","0",,,"Bldg. 11, RM210",,,,"0",,,,"Desk",,,,,"Bldg. 11, RM210, Desk 13",,"0","0",,,,,
,,,,,,,,,,,,,,,,,,,,,,,"False",,"False",,"False",,,,,,"False",,,,,,,,,,,,,"2025-12-19T17:34:02Z","Kyle.Coder@va.gov","2025-12-19T17:34:02Z","Kyle.Coder@va.gov","1.0","151","0",,,"Bldg. 11, RM210",,,,"0",,,,"Desk",,,,,"Bldg. 11, RM210, Desk 14",,"0","0",,,,,
,,,,,,,,,,,,,,,,,,,,,,,"False",,"False",,"False",,,,,,"False",,,,,,,,,,,,,"2025-12-19T17:34:02Z","Kyle.Coder@va.gov","2025-12-19T17:34:02Z","Kyle.Coder@va.gov","1.0","152","0",,,"Bldg. 11, RM210",,,,"0",,,,"Desk",,,,,"Bldg. 11, RM210, Desk 15",,"0","0",,,,,
,,,,,,,,,,,,,,,,,,,,,,,"False",,"False",,"False",,,,,,"False",,,,,,,,,,,,,"2025-12-19T17:34:02Z","Kyle.Coder@va.gov","2025-12-19T17:34:02Z","Kyle.Coder@va.gov","1.0","153","0",,,"Muskegon CBOC, RM153",,,,"1",,,,"Room",,,,,"Muskegon CBOC, RM153",,"0","0",,,,,
,,,,,,,,,,,,,,,,,,,,,,,"False",,"False",,"False",,,,,,"False",,,,,,,,,,,,,"2025-12-19T17:34:02Z","Kyle.Coder@va.gov","2025-12-19T17:34:02Z","Kyle.Coder@va.gov","1.0","154","0",,,"Muskegon CBOC, RM153",,,,"1",,,,"Desk",,,,,"Muskegon CBOC, RM153, Desk 1",,"0","0",,,,,
,,,,,,,,,,,,,,,,,,,,,,,"False",,"False",,"False",,,,,,"False",,,,,,,,,,,,,"2025-12-19T17:34:02Z","Kyle.Coder@va.gov","2025-12-19T17:34:02Z","Kyle.Coder@va.gov","1.0","155","0",,,"Muskegon CBOC, RM153",,,,"1",,,,"Desk",,,,,"Muskegon CBOC, RM153, Desk 2",,"0","0",,,,,
,,,,,,,,,,,,,,,,,,,,,,,"False",,"False",,"False",,,,,,"False",,,,,,,,,,,,,"2025-12-19T17:34:02Z","Kyle.Coder@va.gov","2025-12-19T17:34:02Z","Kyle.Coder@va.gov","1.0","156","0",,,"Muskegon CBOC, RM153",,,,"1",,,,"Desk",,,,,"Muskegon CBOC, RM153, Desk 3",,"0","0",,,,,
,,,,,,,,,,,,,,,,,,,,,,,"False",,"False",,"False",,,,,,"False",,,,,,,,,,,,,"2025-12-19T17:34:02Z","Kyle.Coder@va.gov","2025-12-19T17:34:02Z","Kyle.Coder@va.gov","1.0","157","0",,,"Muskegon CBOC, RM153",,,,"1",,,,"Desk",,,,,"Muskegon CBOC, RM153, Desk 4",,"0","0",,,,,
,,,,,,,,,,,,,,,,,,,,,,,"False",,"False",,"False",,,,,,"False",,,,,,,,,,,,,"2025-12-19T17:34:01Z","Kyle.Coder@va.gov","2025-12-19T17:34:01Z","Kyle.Coder@va.gov","1.0","133","0",,,"Bldg. 9, RM205",,,,"1",,,,"Desk",,,,,"Bldg. 9, RM205, Desk 13",,"0","0",,,,,
,,,,,,,,,,,,,,,,,,,,,,,"False",,"False",,"False",,,,,,"False",,,,,,,,,,,,,"2025-12-19T17:34:01Z","Kyle.Coder@va.gov","2025-12-19T17:34:01Z","Kyle.Coder@va.gov","1.0","134","0",,,"Bldg. 9, RM205",,,,"1",,,,"Desk",,,,,"Bldg. 9, RM205, Desk 14",,"0","0",,,,,
,,,,,,,,,,,,,,,,,,,,,,,"False",,"False",,"False",,,,,,"False",,,,,,,,,,,,,"2025-12-19T17:34:01Z","Kyle.Coder@va.gov","2025-12-19T17:34:01Z","Kyle.Coder@va.gov","1.0","135","0",,,"Bldg. 9, RM205",,,,"1",,,,"Desk",,,,,"Bldg. 9, RM205, Desk 15",,"0","0",,,,,
,,,,,,,,,,,,,,,,,,,,,,,"False",,"False",,"False",,,,,,"False",,,,,,,,,,,,,"2025-12-19T17:34:01Z","Kyle.Coder@va.gov","2025-12-19T17:34:01Z","Kyle.Coder@va.gov","1.0","136","0",,,"Bldg. 9, RM205",,,,"1",,,,"Desk",,,,,"Bldg. 9, RM205, Desk 16",,"0","0",,,,,
,,,,,,,,,,,,,,,,,,,,,,,"False",,"False",,"False",,,,,,"False",,,,,,,,,,,,,"2025-12-19T17:34:01Z","Kyle.Coder@va.gov","2025-12-19T17:34:01Z","Kyle.Coder@va.gov","1.0","137","0",,,"Bldg. 11, RM210",,,,"0",,,,"Room",,,,,"Bldg. 11, RM210",,"0","0",,,,,
,,,,,,,,,,,,,,,,,,,,,,,"False",,"False",,"False",,,,,,"False",,,,,,,,,,,,,"2025-12-19T17:34:01Z","Kyle.Coder@va.gov","2025-12-19T17:34:01Z","Kyle.Coder@va.gov","1.0","138","0",,,"Bldg. 11, RM210",,,,"0",,,,"Desk",,,,,"Bldg. 11, RM210, Desk 1",,"0","0",,,,,
,,,,,,,,,,,,,,,,,,,,,,,"False",,"False",,"False",,,,,,"False",,,,,,,,,,,,,"2025-12-19T17:34:01Z","Kyle.Coder@va.gov","2025-12-19T17:34:01Z","Kyle.Coder@va.gov","1.0","139","0",,,"Bldg. 11, RM210",,,,"0",,,,"Desk",,,,,"Bldg. 11, RM210, Desk 2",,"0","0",,,,,
,,,,,,,,,,,,,,,,,,,,,,,"False",,"False",,"False",,,,,,"False",,,,,,,,,,,,,"2025-12-19T17:34:01Z","Kyle.Coder@va.gov","2025-12-19T17:34:01Z","Kyle.Coder@va.gov","1.0","140","0",,,"Bldg. 11, RM210",,,,"0",,,,"Desk",,,,,"Bldg. 11, RM210, Desk 3",,"0","0",,,,,
,,,,,,,,,,,,,,,,,,,,,,,"False",,"False",,"False",,,,,,"False",,,,,,,,,,,,,"2025-12-19T17:34:01Z","Kyle.Coder@va.gov","2025-12-19T17:34:01Z","Kyle.Coder@va.gov","1.0","141","0",,,"Bldg. 11, RM210",,,,"0",,,,"Desk",,,,,"Bldg. 11, RM210, Desk 4",,"0","0",,,,,
,,,,,,,,,,,,,,,,,,,,,,,"False",,"False",,"False",,,,,,"False",,,,,,,,,,,,,"2025-12-19T17:34:00Z","Kyle.Coder@va.gov","2025-12-19T17:34:00Z","Kyle.Coder@va.gov","1.0","123","0",,,"Bldg. 9, RM205",,,,"1",,,,"Desk",,,,,"Bldg. 9, RM205, Desk 3",,"0","0",,,,,
,,,,,,,,,,,,,,,,,,,,,,,"False",,"False",,"False",,,,,,"False",,,,,,,,,,,,,"2025-12-19T17:34:00Z","Kyle.Coder@va.gov","2025-12-19T17:34:00Z","Kyle.Coder@va.gov","1.0","124","0",,,"Bldg. 9, RM205",,,,"1",,,,"Desk",,,,,"Bldg. 9, RM205, Desk 4",,"0","0",,,,,
,,,,,,,,,,,,,,,,,,,,,,,"False",,"False",,"False",,,,,,"False",,,,,,,,,,,,,"2025-12-19T17:34:00Z","Kyle.Coder@va.gov","2025-12-19T17:34:00Z","Kyle.Coder@va.gov","1.0","125","0",,,"Bldg. 9, RM205",,,,"1",,,,"Desk",,,,,"Bldg. 9, RM205, Desk 5",,"0","0",,,,,
,,,,,,,,,,,,,,,,,,,,,,,"False",,"False",,"False",,,,,,"False",,,,,,,,,,,,,"2025-12-19T17:34:00Z","Kyle.Coder@va.gov","2025-12-19T17:34:00Z","Kyle.Coder@va.gov","1.0","126","0",,,"Bldg. 9, RM205",,,,"1",,,,"Desk",,,,,"Bldg. 9, RM205, Desk 6",,"0","0",,,,,
,,,,,,,,,,,,,,,,,,,,,,,"False",,"False",,"False",,,,,,"False",,,,,,,,,,,,,"2025-12-19T17:34:00Z","Kyle.Coder@va.gov","2025-12-19T17:34:00Z","Kyle.Coder@va.gov","1.0","127","0",,,"Bldg. 9, RM205",,,,"1",,,,"Desk",,,,,"Bldg. 9, RM205, Desk 7",,"0","0",,,,,
,,,,,,,,,,,,,,,,,,,,,,,"False",,"False",,"False",,,,,,"False",,,,,,,,,,,,,"2025-12-19T17:34:00Z","Kyle.Coder@va.gov","2025-12-19T17:34:00Z","Kyle.Coder@va.gov","1.0","128","0",,,"Bldg. 9, RM205",,,,"1",,,,"Desk",,,,,"Bldg. 9, RM205, Desk 8",,"0","0",,,,,
,,,,,,,,,,,,,,,,,,,,,,,"False",,"False",,"False",,,,,,"False",,,,,,,,,,,,,"2025-12-19T17:34:00Z","Kyle.Coder@va.gov","2025-12-19T17:34:00Z","Kyle.Coder@va.gov","1.0","129","0",,,"Bldg. 9, RM205",,,,"1",,,,"Desk",,,,,"Bldg. 9, RM205, Desk 9",,"0","0",,,,,
,,,,,,,,,,,,,,,,,,,,,,,"False",,"False",,"False",,,,,,"False",,,,,,,,,,,,,"2025-12-19T17:34:00Z","Kyle.Coder@va.gov","2025-12-19T17:34:00Z","Kyle.Coder@va.gov","1.0","130","0",,,"Bldg. 9, RM205",,,,"1",,,,"Desk",,,,,"Bldg. 9, RM205, Desk 10",,"0","0",,,,,
,,,,,,,,,,,,,,,,,,,,,,,"False",,"False",,"False",,,,,,"False",,,,,,,,,,,,,"2025-12-19T17:34:00Z","Kyle.Coder@va.gov","2025-12-19T17:34:00Z","Kyle.Coder@va.gov","1.0","131","0",,,"Bldg. 9, RM205",,,,"1",,,,"Desk",,,,,"Bldg. 9, RM205, Desk 11",,"0","0",,,,,
,,,,,,,,,,,,,,,,,,,,,,,"False",,"False",,"False",,,,,,"False",,,,,,,,,,,,,"2025-12-19T17:34:00Z","Kyle.Coder@va.gov","2025-12-19T17:34:00Z","Kyle.Coder@va.gov","1.0","132","0",,,"Bldg. 9, RM205",,,,"1",,,,"Desk",,,,,"Bldg. 9, RM205, Desk 12",,"0","0",,,,,
,,,,,,,,,,,,,,,,,,,,,,,"False",,"False",,"False",,,,,,"False",,,,,,,,,,,,,"2025-12-19T17:33:59Z","Kyle.Coder@va.gov","2025-12-19T17:33:59Z","Kyle.Coder@va.gov","1.0","114","0",,,"Bldg. 6, RM317",,,,"1",,,,"Desk",,,,,"Bldg. 6, RM317, Desk 11",,"0","0",,,,,
,,,,,,,,,,,,,,,,,,,,,,,"False",,"False",,"False",,,,,,"False",,,,,,,,,,,,,"2025-12-19T17:33:59Z","Kyle.Coder@va.gov","2025-12-19T17:33:59Z","Kyle.Coder@va.gov","1.0","115","0",,,"Bldg. 6, RM317",,,,"1",,,,"Desk",,,,,"Bldg. 6, RM317, Desk 12",,"0","0",,,,,
,,,,,,,,,,,,,,,,,,,,,,,"False",,"False",,"False",,,,,,"False",,,,,,,,,,,,,"2025-12-19T17:33:59Z","Kyle.Coder@va.gov","2025-12-19T17:33:59Z","Kyle.Coder@va.gov","1.0","116","0",,,"Bldg. 6, RM317",,,,"1",,,,"Desk",,,,,"Bldg. 6, RM317, Desk 13",,"0","0",,,,,
,,,,,,,,,,,,,,,,,,,,,,,"False",,"False",,"False",,,,,,"False",,,,,,,,,,,,,"2025-12-19T17:33:59Z","Kyle.Coder@va.gov","2025-12-19T17:33:59Z","Kyle.Coder@va.gov","1.0","117","0",,,"Bldg. 6, RM317",,,,"1",,,,"Desk",,,,,"Bldg. 6, RM317, Desk 14",,"0","0",,,,,
,,,,,,,,,,,,,,,,,,,,,,,"False",,"False",,"False",,,,,,"False",,,,,,,,,,,,,"2025-12-19T17:33:59Z","Kyle.Coder@va.gov","2025-12-19T17:33:59Z","Kyle.Coder@va.gov","1.0","118","0",,,"Bldg. 6, RM317",,,,"1",,,,"Desk",,,,,"Bldg. 6, RM317, Desk 15",,"0","0",,,,,
,,,,,,,,,,,,,,,,,,,,,,,"False",,"False",,"False",,,,,,"False",,,,,,,,,,,,,"2025-12-19T17:33:59Z","Kyle.Coder@va.gov","2025-12-19T17:33:59Z","Kyle.Coder@va.gov","1.0","119","0",,,"Bldg. 6, RM317",,,,"1",,,,"Desk",,,,,"Bldg. 6, RM317, Desk 16",,"0","0",,,,,
,,,,,,,,,,,,,,,,,,,,,,,"False",,"False",,"False",,,,,,"False",,,,,,,,,,,,,"2025-12-19T17:33:59Z","Kyle.Coder@va.gov","2025-12-19T17:33:59Z","Kyle.Coder@va.gov","1.0","120","0",,,"Bldg. 9, RM205",,,,"1",,,,"Room",,,,,"Bldg. 9, RM205",,"0","0",,,,,
,,,,,,,,,,,,,,,,,,,,,,,"False",,"False",,"False",,,,,,"False",,,,,,,,,,,,,"2025-12-19T17:33:59Z","Kyle.Coder@va.gov","2025-12-19T17:33:59Z","Kyle.Coder@va.gov","1.0","121","0",,,"Bldg. 9, RM205",,,,"1",,,,"Desk",,,,,"Bldg. 9, RM205, Desk 1 ",,"0","0",,,,,
,,,,,,,,,,,,,,,,,,,,,,,"False",,"False",,"False",,,,,,"False",,,,,,,,,,,,,"2025-12-19T17:33:59Z","Kyle.Coder@va.gov","2025-12-19T17:33:59Z","Kyle.Coder@va.gov","1.0","122","0",,,"Bldg. 9, RM205",,,,"1",,,,"Desk",,,,,"Bldg. 9, RM205, Desk 2",,"0","0",,,,,
,,,,,,,,,,,,,,,,,,,,,,,"False",,"False",,"False",,,,,,"False",,,,,,,,,,,,,"2025-12-19T17:33:58Z","Kyle.Coder@va.gov","2025-12-19T17:33:58Z","Kyle.Coder@va.gov","1.0","104","0",,,"Bldg. 6, RM317 ",,,,"1",,,,"Desk",,,,,"Bldg. 6, RM317, Desk 1 ",,"0","0",,,,,
,,,,,,,,,,,,,,,,,,,,,,,"False",,"False",,"False",,,,,,"False",,,,,,,,,,,,,"2025-12-19T17:33:58Z","Kyle.Coder@va.gov","2025-12-19T17:33:58Z","Kyle.Coder@va.gov","1.0","105","0",,,"Bldg. 6, RM317",,,,"1",,,,"Desk",,,,,"Bldg. 6, RM317, Desk 2",,"0","0",,,,,
,,,,,,,,,,,,,,,,,,,,,,,"False",,"False",,"False",,,,,,"False",,,,,,,,,,,,,"2025-12-19T17:33:58Z","Kyle.Coder@va.gov","2025-12-19T17:33:58Z","Kyle.Coder@va.gov","1.0","106","0",,,"Bldg. 6, RM317",,,,"1",,,,"Desk",,,,,"Bldg. 6, RM317, Desk 3",,"0","0",,,,,
,,,,,,,,,,,,,,,,,,,,,,,"False",,"False",,"False",,,,,,"False",,,,,,,,,,,,,"2025-12-19T17:33:58Z","Kyle.Coder@va.gov","2025-12-19T17:33:58Z","Kyle.Coder@va.gov","1.0","107","0",,,"Bldg. 6, RM317",,,,"1",,,,"Desk",,,,,"Bldg. 6, RM317, Desk 4",,"0","0",,,,,
,,,,,,,,,,,,,,,,,,,,,,,"False",,"False",,"False",,,,,,"False",,,,,,,,,,,,,"2025-12-19T17:33:58Z","Kyle.Coder@va.gov","2025-12-19T17:33:58Z","Kyle.Coder@va.gov","1.0","108","0",,,"Bldg. 6, RM317",,,,"1",,,,"Desk",,,,,"Bldg. 6, RM317, Desk 5",,"0","0",,,,,
,,,,,,,,,,,,,,,,,,,,,,,"False",,"False",,"False",,,,,,"False",,,,,,,,,,,,,"2025-12-19T17:33:58Z","Kyle.Coder@va.gov","2025-12-19T17:33:58Z","Kyle.Coder@va.gov","1.0","109","0",,,"Bldg. 6, RM317",,,,"1",,,,"Desk",,,,,"Bldg. 6, RM317, Desk 6",,"0","0",,,,,
,,,,,,,,,,,,,,,,,,,,,,,"False",,"False",,"False",,,,,,"False",,,,,,,,,,,,,"2025-12-19T17:33:58Z","Kyle.Coder@va.gov","2025-12-19T17:33:58Z","Kyle.Coder@va.gov","1.0","110","0",,,"Bldg. 6, RM317",,,,"1",,,,"Desk",,,,,"Bldg. 6, RM317, Desk 7",,"0","0",,,,,
,,,,,,,,,,,,,,,,,,,,,,,"False",,"False",,"False",,,,,,"False",,,,,,,,,,,,,"2025-12-19T17:33:58Z","Kyle.Coder@va.gov","2025-12-19T17:33:58Z","Kyle.Coder@va.gov","1.0","111","0",,,"Bldg. 6, RM317",,,,"1",,,,"Desk",,,,,"Bldg. 6, RM317, Desk 8",,"0","0",,,,,
,,,,,,,,,,,,,,,,,,,,,,,"False",,"False",,"False",,,,,,"False",,,,,,,,,,,,,"2025-12-19T17:33:58Z","Kyle.Coder@va.gov","2025-12-19T17:33:58Z","Kyle.Coder@va.gov","1.0","112","0",,,"Bldg. 6, RM317",,,,"1",,,,"Desk",,,,,"Bldg. 6, RM317, Desk 9",,"0","0",,,,,
,,,,,,,,,,,,,,,,,,,,,,,"False",,"False",,"False",,,,,,"False",,,,,,,,,,,,,"2025-12-19T17:33:58Z","Kyle.Coder@va.gov","2025-12-19T17:33:58Z","Kyle.Coder@va.gov","1.0","113","0",,,"Bldg. 6, RM317",,,,"1",,,,"Desk",,,,,"Bldg. 6, RM317, Desk 10",,"0","0",,,,,
,,,,,,,,,,,,,,,,,,,,,,,"False",,"False",,"False",,,,,,"False",,,,,,,,,,,,,"2025-12-19T17:33:57Z","Kyle.Coder@va.gov","2025-12-19T17:33:57Z","Kyle.Coder@va.gov","1.0","101","0",,,"Wyoming CBOC, RM1M103",,,,"1",,,,"Desk",,,,,"Wyoming CBOC, RM1M103, Desk 13",,"0","0",,,,,
,,,,,,,,,,,,,,,,,,,,,,,"False",,"False",,"False",,,,,,"False",,,,,,,,,,,,,"2025-12-19T17:33:57Z","Kyle.Coder@va.gov","2025-12-19T17:33:57Z","Kyle.Coder@va.gov","1.0","102","0",,,"Wyoming CBOC, RM1M103",,,,"1",,,,"Desk",,,,,"Wyoming CBOC, RM1M103, Desk 14",,"0","0",,,,,
,,,,,,,,,,,,,,,,,,,,,,,"False",,"False",,"False",,,,,,"False",,,,,,,,,,,,,"2025-12-19T17:33:57Z","Kyle.Coder@va.gov","2025-12-19T17:33:57Z","Kyle.Coder@va.gov","1.0","103","0",,,"Bldg. 6, RM317",,,,"1",,,,"Room",,,,,"Bldg. 6, RM317",,"0","0",,,,,
,,,,,,,,,,,,,,,,,,,,,,,"False",,"False",,"False",,,,,,"False",,,,,,,,,,,,,"2025-12-19T17:33:56Z","Kyle.Coder@va.gov","2025-12-19T17:33:56Z","Kyle.Coder@va.gov","1.0","96","0",,,"Wyoming CBOC, RM1M103",,,,"1",,,,"Desk",,,,,"Wyoming CBOC, RM1M103, Desk 8",,"0","0",,,,,
,,,,,,,,,,,,,,,,,,,,,,,"False",,"False",,"False",,,,,,"False",,,,,,,,,,,,,"2025-12-19T17:33:56Z","Kyle.Coder@va.gov","2025-12-19T17:33:56Z","Kyle.Coder@va.gov","1.0","97","0",,,"Wyoming CBOC, RM1M103",,,,"1",,,,"Desk",,,,,"Wyoming CBOC, RM1M103, Desk 9",,"0","0",,,,,
,,,,,,,,,,,,,,,,,,,,,,,"False",,"False",,"False",,,,,,"False",,,,,,,,,,,,,"2025-12-19T17:33:56Z","Kyle.Coder@va.gov","2025-12-19T17:33:56Z","Kyle.Coder@va.gov","1.0","98","0",,,"Wyoming CBOC, RM1M103",,,,"1",,,,"Desk",,,,,"Wyoming CBOC, RM1M103, Desk 10",,"0","0",,,,,
,,,,,,,,,,,,,,,,,,,,,,,"False",,"False",,"False",,,,,,"False",,,,,,,,,,,,,"2025-12-19T17:33:56Z","Kyle.Coder@va.gov","2025-12-19T17:33:56Z","Kyle.Coder@va.gov","1.0","99","0",,,"Wyoming CBOC, RM1M103",,,,"1",,,,"Desk",,,,,"Wyoming CBOC, RM1M103, Desk 11",,"0","0",,,,,
,,,,,,,,,,,,,,,,,,,,,,,"False",,"False",,"False",,,,,,"False",,,,,,,,,,,,,"2025-12-19T17:33:56Z","Kyle.Coder@va.gov","2025-12-19T17:33:56Z","Kyle.Coder@va.gov","1.0","100","0",,,"Wyoming CBOC, RM1M103",,,,"1",,,,"Desk",,,,,"Wyoming CBOC, RM1M103, Desk 12",,"0","0",,,,,
,,,,,,,,,,,,,,,,,,,,,,,"False",,"False",,"False",,,,,,"False",,,,,,,,,,,,,"2025-12-19T17:33:55Z","Kyle.Coder@va.gov","2025-12-19T17:33:55Z","Kyle.Coder@va.gov","1.0","87","0",,,"Benton Harbor CBOC, RM118",,,,"0",,,,"Desk",,,,,"Benton Harbor CBOC, RM118, Desk 8",,"0","0",,,,,
,,,,,,,,,,,,,,,,,,,,,,,"False",,"False",,"False",,,,,,"False",,,,,,,,,,,,,"2025-12-19T17:33:55Z","Kyle.Coder@va.gov","2025-12-19T17:33:55Z","Kyle.Coder@va.gov","1.0","88","0",,,"Wyoming CBOC, RM1M103",,,,"1",,,,"Room",,,,,"Wyoming CBOC, RM1M103",,"0","0",,,,,
,,,,,,,,,,,,,,,,,,,,,,,"False",,"False",,"False",,,,,,"False",,,,,,,,,,,,,"2025-12-19T17:33:55Z","Kyle.Coder@va.gov","2025-12-19T17:33:55Z","Kyle.Coder@va.gov","1.0","89","0",,,"Wyoming CBOC, RM1M103",,,,"1",,,,"Desk",,,,,"Wyoming CBOC, RM1M103, Desk 1",,"0","0",,,,,
,,,,,,,,,,,,,,,,,,,,,,,"False",,"False",,"False",,,,,,"False",,,,,,,,,,,,,"2025-12-19T17:33:55Z","Kyle.Coder@va.gov","2025-12-19T17:33:55Z","Kyle.Coder@va.gov","1.0","90","0",,,"Wyoming CBOC, RM1M103",,,,"1",,,,"Desk",,,,,"Wyoming CBOC, RM1M103, Desk 2",,"0","0",,,,,
,,,,,,,,,,,,,,,,,,,,,,,"False",,"False",,"False",,,,,,"False",,,,,,,,,,,,,"2025-12-19T17:33:55Z","Kyle.Coder@va.gov","2025-12-19T17:33:55Z","Kyle.Coder@va.gov","1.0","91","0",,,"Wyoming CBOC, RM1M103",,,,"1",,,,"Desk",,,,,"Wyoming CBOC, RM1M103, Desk 3",,"0","0",,,,,
,,,,,,,,,,,,,,,,,,,,,,,"False",,"False",,"False",,,,,,"False",,,,,,,,,,,,,"2025-12-19T17:33:55Z","Kyle.Coder@va.gov","2025-12-19T17:33:55Z","Kyle.Coder@va.gov","1.0","92","0",,,"Wyoming CBOC, RM1M103",,,,"1",,,,"Desk",,,,,"Wyoming CBOC, RM1M103, Desk 4",,"0","0",,,,,
,,,,,,,,,,,,,,,,,,,,,,,"False",,"False",,"False",,,,,,"False",,,,,,,,,,,,,"2025-12-19T17:33:55Z","Kyle.Coder@va.gov","2025-12-19T17:33:55Z","Kyle.Coder@va.gov","1.0","93","0",,,"Wyoming CBOC, RM1M103",,,,"1",,,,"Desk",,,,,"Wyoming CBOC, RM1M103, Desk 5",,"0","0",,,,,
,,,,,,,,,,,,,,,,,,,,,,,"False",,"False",,"False",,,,,,"False",,,,,,,,,,,,,"2025-12-19T17:33:55Z","Kyle.Coder@va.gov","2025-12-19T17:33:55Z","Kyle.Coder@va.gov","1.0","94","0",,,"Wyoming CBOC, RM1M103",,,,"1",,,,"Desk",,,,,"Wyoming CBOC, RM1M103, Desk 6",,"0","0",,,,,
,,,,,,,,,,,,,,,,,,,,,,,"False",,"False",,"False",,,,,,"False",,,,,,,,,,,,,"2025-12-19T17:33:55Z","Kyle.Coder@va.gov","2025-12-19T17:33:55Z","Kyle.Coder@va.gov","1.0","95","0",,,"Wyoming CBOC, RM1M103",,,,"1",,,,"Desk",,,,,"Wyoming CBOC, RM1M103, Desk 7",,"0","0",,,,,
,,,,,,,,,,,,,,,,,,,,,,,"False",,"False",,"False",,,,,,"False",,,,,,,,,,,,,"2025-12-19T17:33:54Z","Kyle.Coder@va.gov","2025-12-19T17:33:54Z","Kyle.Coder@va.gov","1.0","79","0",,,"Benton Harbor CBOC, RM118",,,,"1",,,,"Room",,,,,"Benton Harbor CBOC, RM118",,"0","0",,,,,
,,,,,,,,,,,,,,,,,,,,,,,"False",,"False",,"False",,,,,,"False",,,,,,,,,,,,,"2025-12-19T17:33:54Z","Kyle.Coder@va.gov","2025-12-19T17:33:54Z","Kyle.Coder@va.gov","1.0","80","0",,,"Benton Harbor CBOC, RM118",,,,"1",,,,"Desk",,,,,"Benton Harbor CBOC, RM118, Desk 1",,"0","0",,,,,
,,,,,,,,,,,,,,,,,,,,,,,"False",,"False",,"False",,,,,,"False",,,,,,,,,,,,,"2025-12-19T17:33:54Z","Kyle.Coder@va.gov","2025-12-19T17:33:54Z","Kyle.Coder@va.gov","1.0","81","0",,,"Benton Harbor CBOC, RM118",,,,"1",,,,"Desk",,,,,"Benton Harbor CBOC, RM118, Desk 2",,"0","0",,,,,
,,,,,,,,,,,,,,,,,,,,,,,"False",,"False",,"False",,,,,,"False",,,,,,,,,,,,,"2025-12-19T17:33:54Z","Kyle.Coder@va.gov","2025-12-19T17:33:54Z","Kyle.Coder@va.gov","1.0","82","0",,,"Benton Harbor CBOC, RM118",,,,"1",,,,"Desk",,,,,"Benton Harbor CBOC, RM118, Desk 3",,"0","0",,,,,
,,,,,,,,,,,,,,,,,,,,,,,"False",,"False",,"False",,,,,,"False",,,,,,,,,,,,,"2025-12-19T17:33:54Z","Kyle.Coder@va.gov","2025-12-19T17:33:54Z","Kyle.Coder@va.gov","1.0","84","0",,,"Benton Harbor CBOC, RM118",,,,"0",,,,"Desk",,,,,"Benton Harbor CBOC, RM118, Desk 5",,"0","0",,,,,
,,,,,,,,,,,,,,,,,,,,,,,"False",,"False",,"False",,,,,,"False",,,,,,,,,,,,,"2025-12-19T17:33:54Z","Kyle.Coder@va.gov","2025-12-19T17:33:54Z","Kyle.Coder@va.gov","1.0","85","0",,,"Benton Harbor CBOC, RM118",,,,"0",,,,"Desk",,,,,"Benton Harbor CBOC, RM118, Desk 6",,"0","0",,,,,
,,,,,,,,,,,,,,,,,,,,,,,"False",,"False",,"False",,,,,,"False",,,,,,,,,,,,,"2025-12-19T17:33:54Z","Kyle.Coder@va.gov","2025-12-19T17:33:54Z","Kyle.Coder@va.gov","1.0","86","0",,,"Benton Harbor CBOC, RM118",,,,"0",,,,"Desk",,,,,"Benton Harbor CBOC, RM118, Desk 7",,"0","0",,,,,
,,,,,,,,,,,,,,,,,,,,,,,"False",,"False",,"False",,,,,,"False",,,,,,,,,,,,,"2025-12-19T17:33:53Z","Kyle.Coder@va.gov","2025-12-19T17:33:53Z","Kyle.Coder@va.gov","1.0","74","0",,,"Lansing CBOC, RM110",,,,"1",,,,"Room",,,,,"Lansing CBOC, RM110",,"0","0",,,,,
,,,,,,,,,,,,,,,,,,,,,,,"False",,"False",,"False",,,,,,"False",,,,,,,,,,,,,"2025-12-19T17:33:53Z","Kyle.Coder@va.gov","2025-12-19T17:33:53Z","Kyle.Coder@va.gov","1.0","75","0",,,"Lansing CBOC, RM110",,,,"1",,,,"Desk",,,,,"Lansing CBOC, RM110, Desk 1",,"0","0",,,,,
,,,,,,,,,,,,,,,,,,,,,,,"False",,"False",,"False",,,,,,"False",,,,,,,,,,,,,"2025-12-19T17:33:53Z","Kyle.Coder@va.gov","2025-12-19T17:33:53Z","Kyle.Coder@va.gov","1.0","76","0",,,"Lansing CBOC, RM110",,,,"0",,,,"Desk",,,,,"Lansing CBOC, RM110, Desk 2",,"0","0",,,,,
,,,,,,,,,,,,,,,,,,,,,,,"False",,"False",,"False",,,,,,"False",,,,,,,,,,,,,"2025-12-19T17:33:53Z","Kyle.Coder@va.gov","2025-12-19T17:33:53Z","Kyle.Coder@va.gov","1.0","77","0",,,"Lansing CBOC, RM110",,,,"0",,,,"Desk",,,,,"Lansing CBOC, RM110, Desk 3",,"0","0",,,,,
,,,,,,,,,,,,,,,,,,,,,,,"False",,"False",,"False",,,,,,"False",,,,,,,,,,,,,"2025-12-19T17:33:53Z","Kyle.Coder@va.gov","2025-12-19T17:33:53Z","Kyle.Coder@va.gov","1.0","78","0",,,"Lansing CBOC, RM110",,,,"1",,,,"Desk",,,,,"Lansing CBOC, RM110, Desk 4",,"0","0",,,,,
,,,,,,,,,,,,,,,,,,,,,,,"False",,"False",,"False",,,,,,"False",,,,,,,,,,,,,"2025-12-19T17:33:52Z","Kyle.Coder@va.gov","2025-12-19T17:33:52Z","Kyle.Coder@va.gov","1.0","70","0",,,"Bldg. 2, RM1417",,,,"1",,,,"Desk",,,,,"Bldg. 2, RM1417, Desk 6",,"0","0",,,,,
,,,,,,,,,,,,,,,,,,,,,,,"False",,"False",,"False",,,,,,"False",,,,,,,,,,,,,"2025-12-19T17:33:52Z","Kyle.Coder@va.gov","2025-12-19T17:33:52Z","Kyle.Coder@va.gov","1.0","71","0",,,"Bldg. 2, RM1417",,,,"1",,,,"Desk",,,,,"Bldg. 2, RM1417, Desk 7",,"0","0",,,,,
,,,,,,,,,,,,,,,,,,,,,,,"False",,"False",,"False",,,,,,"False",,,,,,,,,,,,,"2025-12-19T17:33:52Z","Kyle.Coder@va.gov","2025-12-19T17:33:52Z","Kyle.Coder@va.gov","1.0","72","0",,,"Bldg. 2, RM1417",,,,"1",,,,"Desk",,,,,"Bldg. 2, RM1417, Desk 8",,"0","0",,,,,
,,,,,,,,,,,,,,,,,,,,,,,"False",,"False",,"False",,,,,,"False",,,,,,,,,,,,,"2025-12-19T17:33:52Z","Kyle.Coder@va.gov","2025-12-19T17:33:52Z","Kyle.Coder@va.gov","1.0","73","0",,,"Bldg. 2, RM1417",,,,"1",,,,"Desk",,,,,"Bldg. 2, RM1417, Desk 9",,"0","0",,,,,
,,,,,,,,,,,,,,,,,,,,,,,"False",,"False",,"False",,,,,,"False",,,,,,,,,,,,,"2025-12-19T17:33:51Z","Kyle.Coder@va.gov","2025-12-19T17:33:51Z","Kyle.Coder@va.gov","1.0","66","0",,,"Bldg. 2, RM1417",,,,"1",,,,"Desk",,,,,"Bldg. 2, RM1417, Desk 2",,"0","0",,,,,
,,,,,,,,,,,,,,,,,,,,,,,"False",,"False",,"False",,,,,,"False",,,,,,,,,,,,,"2025-12-19T17:33:51Z","Kyle.Coder@va.gov","2025-12-19T17:33:51Z","Kyle.Coder@va.gov","1.0","67","0",,,"Bldg. 2, RM1417",,,,"1",,,,"Desk",,,,,"Bldg. 2, RM1417, Desk 3",,"0","0",,,,,
,,,,,,,,,,,,,,,,,,,,,,,"False",,"False",,"False",,,,,,"False",,,,,,,,,,,,,"2025-12-19T17:33:51Z","Kyle.Coder@va.gov","2025-12-19T17:33:51Z","Kyle.Coder@va.gov","1.0","68","0",,,"Bldg. 2, RM1417",,,,"1",,,,"Desk",,,,,"Bldg. 2, RM1417, Desk 4",,"0","0",,,,,
,,,,,,,,,,,,,,,,,,,,,,,"False",,"False",,"False",,,,,,"False",,,,,,,,,,,,,"2025-12-19T17:33:51Z","Kyle.Coder@va.gov","2025-12-19T17:33:51Z","Kyle.Coder@va.gov","1.0","69","0",,,"Bldg. 2, RM1417",,,,"1",,,,"Desk",,,,,"Bldg. 2, RM1417, Desk 5",,"0","0",,,,,
,,,,,,,,,,,,,,,,,,,,,,,"False",,"False",,"False",,,,,,"False",,,,,,,,,,,,,"2025-12-19T17:33:50Z","Kyle.Coder@va.gov","2025-12-19T17:33:50Z","Kyle.Coder@va.gov","1.0","58","0",,,"Bldg. 39, RM25",,,,"1",,,,"Desk",,,,,"Bldg. 39, RM25, Desk 4",,"0","0",,,,,
,,,,,,,,,,,,,,,,,,,,,,,"False",,"False",,"False",,,,,,"False",,,,,,,,,,,,,"2025-12-19T17:33:50Z","Kyle.Coder@va.gov","2025-12-19T17:33:50Z","Kyle.Coder@va.gov","1.0","59","0",,,"Bldg. 39, RM25",,,,"1",,,,"Desk",,,,,"Bldg. 39, RM25, Desk 5",,"0","0",,,,,
,,,,,,,,,,,,,,,,,,,,,,,"False",,"False",,"False",,,,,,"False",,,,,,,,,,,,,"2025-12-19T17:33:50Z","Kyle.Coder@va.gov","2025-12-19T17:33:50Z","Kyle.Coder@va.gov","1.0","60","0",,,"Bldg. 39, RM25",,,,"1",,,,"Desk",,,,,"Bldg. 39, RM25, Desk 6",,"0","0",,,,,
,,,,,,,,,,,,,,,,,,,,,,,"False",,"False",,"False",,,,,,"False",,,,,,,,,,,,,"2025-12-19T17:33:50Z","Kyle.Coder@va.gov","2025-12-19T17:33:50Z","Kyle.Coder@va.gov","1.0","61","0",,,"Bldg. 39, RM25",,,,"0",,,,"Desk",,,,,"Bldg. 39, RM25, Desk 7",,"0","0",,,,,
,,,,,,,,,,,,,,,,,,,,,,,"False",,"False",,"False",,,,,,"False",,,,,,,,,,,,,"2025-12-19T17:33:50Z","Kyle.Coder@va.gov","2025-12-19T17:33:50Z","Kyle.Coder@va.gov","1.0","62","0",,,"Bldg. 39, RM25",,,,"1",,,,"Desk",,,,,"Bldg. 39, RM25, Desk 8",,"0","0",,,,,
,,,,,,,,,,,,,,,,,,,,,,,"False",,"False",,"False",,,,,,"False",,,,,,,,,,,,,"2025-12-19T17:33:50Z","Kyle.Coder@va.gov","2025-12-19T17:33:50Z","Kyle.Coder@va.gov","1.0","63","0",,,"Bldg. 39, RM25",,,,"1",,,,"Desk",,,,,"Bldg. 39, RM25, Desk 9",,"0","0",,,,,
,,,,,,,,,,,,,,,,,,,,,,,"False",,"False",,"False",,,,,,"False",,,,,,,,,,,,,"2025-12-19T17:33:50Z","Kyle.Coder@va.gov","2025-12-19T17:33:50Z","Kyle.Coder@va.gov","1.0","64","0",,,"Bldg. 2, RM1417",,,,"1",,,,"Room",,,,,"Bldg. 2, RM1417",,"0","0",,,,,
,,,,,,,,,,,,,,,,,,,,,,,"False",,"False",,"False",,,,,,"False",,,,,,,,,,,,,"2025-12-19T17:33:50Z","Kyle.Coder@va.gov","2025-12-19T17:33:50Z","Kyle.Coder@va.gov","1.0","65","0",,,"Bldg. 2, RM1417",,,,"1",,,,"Desk",,,,,"Bldg. 2, RM1417, Desk 1 ",,"0","0",,,,,
,,,,,,,,,,,,,,,,,,,,,,,"False",,"False",,"False",,,,,,"False",,,,,,,,,,,,,"2025-12-19T17:33:49Z","Kyle.Coder@va.gov","2025-12-19T17:33:49Z","Kyle.Coder@va.gov","1.0","41","0",,,"Bldg. 2, RM1317",,,,"1",,,,"Desk",,,,,"Bldg. 2, RM1317, Desk 8",,"0","0",,,,,
,,,,,,,,,,,,,,,,,,,,,,,"False",,"False",,"False",,,,,,"False",,,,,,,,,,,,,"2025-12-19T17:33:49Z","Kyle.Coder@va.gov","2025-12-19T17:33:49Z","Kyle.Coder@va.gov","1.0","42","0",,,"Bldg. 2, RM1317",,,,"1",,,,"Desk",,,,,"Bldg. 2, RM1317, Desk 9",,"0","0",,,,,
,,,,,,,,,,,,,,,,,,,,,,,"False",,"False",,"False",,,,,,"False",,,,,,,,,,,,,"2025-12-19T17:33:49Z","Kyle.Coder@va.gov","2025-12-19T17:33:49Z","Kyle.Coder@va.gov","1.0","43","0",,,"Bldg. 9, RM124",,,,"1",,,,"Room",,,,,"Bldg. 9, RM124",,"0","0",,,,,
,,,,,,,,,,,,,,,,,,,,,,,"False",,"False",,"False",,,,,,"False",,,,,,,,,,,,,"2025-12-19T17:33:49Z","Kyle.Coder@va.gov","2025-12-19T17:33:49Z","Kyle.Coder@va.gov","1.0","44","0",,,"Bldg. 9, RM124",,,,"1",,,,"Desk",,,,,"Bldg. 9, RM124, Desk 1 ",,"0","0",,,,,
,,,,,,,,,,,,,,,,,,,,,,,"False",,"False",,"False",,,,,,"False",,,,,,,,,,,,,"2025-12-19T17:33:49Z","Kyle.Coder@va.gov","2025-12-19T17:33:49Z","Kyle.Coder@va.gov","1.0","45","0",,,"Bldg. 9, RM124",,,,"1",,,,"Desk",,,,,"Bldg. 9, RM124, Desk 2",,"0","0",,,,,
,,,,,,,,,,,,,,,,,,,,,,,"False",,"False",,"False",,,,,,"False",,,,,,,,,,,,,"2025-12-19T17:33:49Z","Kyle.Coder@va.gov","2025-12-19T17:33:49Z","Kyle.Coder@va.gov","1.0","46","0",,,"Bldg. 9, RM124",,,,"1",,,,"Desk",,,,,"Bldg. 9, RM124, Desk 3",,"0","0",,,,,
,,,,,,,,,,,,,,,,,,,,,,,"False",,"False",,"False",,,,,,"False",,,,,,,,,,,,,"2025-12-19T17:33:49Z","Kyle.Coder@va.gov","2025-12-19T17:33:49Z","Kyle.Coder@va.gov","1.0","47","0",,,"Bldg. 9, RM124",,,,"1",,,,"Desk",,,,,"Bldg. 9, RM124, Desk 4",,"0","0",,,,,
,,,,,,,,,,,,,,,,,,,,,,,"False",,"False",,"False",,,,,,"False",,,,,,,,,,,,,"2025-12-19T17:33:49Z","Kyle.Coder@va.gov","2025-12-19T17:33:49Z","Kyle.Coder@va.gov","1.0","48","0",,,"Bldg. 9, RM124",,,,"1",,,,"Desk",,,,,"Bldg. 9, RM124, Desk 5",,"0","0",,,,,
,,,,,,,,,,,,,,,,,,,,,,,"False",,"False",,"False",,,,,,"False",,,,,,,,,,,,,"2025-12-19T17:33:49Z","Kyle.Coder@va.gov","2025-12-19T17:33:49Z","Kyle.Coder@va.gov","1.0","49","0",,,"Bldg. 9, RM124",,,,"1",,,,"Desk",,,,,"Bldg. 9, RM124, Desk 6",,"0","0",,,,,
,,,,,,,,,,,,,,,,,,,,,,,"False",,"False",,"False",,,,,,"False",,,,,,,,,,,,,"2025-12-19T17:33:49Z","Kyle.Coder@va.gov","2025-12-19T17:33:49Z","Kyle.Coder@va.gov","1.0","50","0",,,"Bldg. 9, RM124",,,,"1",,,,"Desk",,,,,"Bldg. 9, RM124, Desk 7",,"0","0",,,,,
,,,,,,,,,,,,,,,,,,,,,,,"False",,"False",,"False",,,,,,"False",,,,,,,,,,,,,"2025-12-19T17:33:49Z","Kyle.Coder@va.gov","2025-12-19T17:33:49Z","Kyle.Coder@va.gov","1.0","51","0",,,"Bldg. 9, RM124",,,,"1",,,,"Desk",,,,,"Bldg. 9, RM124, Desk 8",,"0","0",,,,,
,,,,,,,,,,,,,,,,,,,,,,,"False",,"False",,"False",,,,,,"False",,,,,,,,,,,,,"2025-12-19T17:33:49Z","Kyle.Coder@va.gov","2025-12-19T17:33:49Z","Kyle.Coder@va.gov","1.0","52","0",,,"Bldg. 9, RM124",,,,"1",,,,"Desk",,,,,"Bldg. 9, RM124, Desk 9",,"0","0",,,,,
,,,,,,,,,,,,,,,,,,,,,,,"False",,"False",,"False",,,,,,"False",,,,,,,,,,,,,"2025-12-19T17:33:49Z","Kyle.Coder@va.gov","2025-12-19T17:33:49Z","Kyle.Coder@va.gov","1.0","53","0",,,"Bldg. 9, RM124",,,,"1",,,,"Desk",,,,,"Bldg. 9, RM124, Desk 10",,"0","0",,,,,
,,,,,,,,,,,,,,,,,,,,,,,"False",,"False",,"False",,,,,,"False",,,,,,,,,,,,,"2025-12-19T17:33:49Z","Kyle.Coder@va.gov","2025-12-19T17:33:49Z","Kyle.Coder@va.gov","1.0","54","0",,,"Bldg. 9, RM124",,,,"1",,,,"Desk",,,,,"Bldg. 9, RM124, Desk 11",,"0","0",,,,,
,,,,,,,,,,,,,,,,,,,,,,,"False",,"False",,"False",,,,,,"False",,,,,,,,,,,,,"2025-12-19T17:33:49Z","Kyle.Coder@va.gov","2025-12-19T17:33:49Z","Kyle.Coder@va.gov","1.0","55","0",,,"Bldg. 9, RM124",,,,"1",,,,"Desk",,,,,"Bldg. 9, RM124, Desk 12",,"0","0",,,,,
,,,,,,,,,,,,,,,,,,,,,,,"False",,"False",,"False",,,,,,"False",,,,,,,,,,,,,"2025-12-19T17:33:49Z","Kyle.Coder@va.gov","2025-12-19T17:33:49Z","Kyle.Coder@va.gov","1.0","56","0",,,"Bldg. 39, RM25",,,,"1",,,,"Desk",,,,,"Bldg. 39, RM25, Desk 2",,"0","0",,,,,
,,,,,,,,,,,,,,,,,,,,,,,"False",,"False",,"False",,,,,,"False",,,,,,,,,,,,,"2025-12-19T17:33:49Z","Kyle.Coder@va.gov","2025-12-19T17:33:49Z","Kyle.Coder@va.gov","1.0","57","0",,,"Bldg. 39, RM25",,,,"1",,,,"Desk",,,,,"Bldg. 39, RM25, Desk 3",,"0","0",,,,,
,,,,,,,,,,,,,,,,,,,,,,,"False",,"False",,"False",,,,,,"False",,,,,,,,,,,,,"2025-12-19T17:33:48Z","Kyle.Coder@va.gov","2025-12-19T17:33:48Z","Kyle.Coder@va.gov","1.0","30","0",,,"Bldg. 6, RM104",,,,"1",,,,"Desk",,,,,"Bldg. 6, RM104, Desk 4",,"0","0",,,,,
,,,,,,,,,,,,,,,,,,,,,,,"False",,"False",,"False",,,,,,"False",,,,,,,,,,,,,"2025-12-19T17:33:48Z","Kyle.Coder@va.gov","2025-12-19T17:33:48Z","Kyle.Coder@va.gov","1.0","31","0",,,"Bldg. 6, RM104",,,,"1",,,,"Desk",,,,,"Bldg. 6, RM104, Desk 5",,"0","0",,,,,
,,,,,,,,,,,,,,,,,,,,,,,"False",,"False",,"False",,,,,,"False",,,,,,,,,,,,,"2025-12-19T17:33:48Z","Kyle.Coder@va.gov","2025-12-19T17:33:48Z","Kyle.Coder@va.gov","1.0","32","0",,,"Bldg. 6, RM104",,,,"1",,,,"Desk",,,,,"Bldg. 6, RM104, Desk 6",,"0","0",,,,,
,,,,,,,,,,,,,,,,,,,,,,,"False",,"False",,"False",,,,,,"False",,,,,,,,,,,,,"2025-12-19T17:33:48Z","Kyle.Coder@va.gov","2025-12-19T17:33:48Z","Kyle.Coder@va.gov","1.0","33","0",,,"Bldg. 6, RM104",,,,"1",,,,"Desk",,,,,"Bldg. 6, RM104, Desk 7",,"0","0",,,,,
,,,,,,,,,,,,,,,,,,,,,,,"False",,"False",,"False",,,,,,"False",,,,,,,,,,,,,"2025-12-19T17:33:48Z","Kyle.Coder@va.gov","2025-12-19T17:33:48Z","Kyle.Coder@va.gov","1.0","34","0",,,"Bldg. 6, RM104",,,,"1",,,,"Desk",,,,,"Bldg. 6, RM104, Desk 8",,"0","0",,,,,
,,,,,,,,,,,,,,,,,,,,,,,"False",,"False",,"False",,,,,,"False",,,,,,,,,,,,,"2025-12-19T17:33:48Z","Kyle.Coder@va.gov","2025-12-19T17:33:48Z","Kyle.Coder@va.gov","1.0","35","0",,,"Bldg. 6, RM104",,,,"1",,,,"Desk",,,,,"Bldg. 6, RM104, Desk 9",,"0","0",,,,,
,,,,,,,,,,,,,,,,,,,,,,,"False",,"False",,"False",,,,,,"False",,,,,,,,,,,,,"2025-12-19T17:33:48Z","Kyle.Coder@va.gov","2025-12-19T17:33:48Z","Kyle.Coder@va.gov","1.0","36","0",,,"Bldg. 6, RM104",,,,"1",,,,"Desk",,,,,"Bldg. 6, RM104, Desk 10",,"0","0",,,,,
,,,,,,,,,,,,,,,,,,,,,,,"False",,"False",,"False",,,,,,"False",,,,,,,,,,,,,"2025-12-19T17:33:48Z","Kyle.Coder@va.gov","2025-12-19T17:33:48Z","Kyle.Coder@va.gov","1.0","37","0",,,"Bldg. 6, RM104",,,,"1",,,,"Desk",,,,,"Bldg. 6, RM104, Desk 11",,"0","0",,,,,
,,,,,,,,,,,,,,,,,,,,,,,"False",,"False",,"False",,,,,,"False",,,,,,,,,,,,,"2025-12-19T17:33:48Z","Kyle.Coder@va.gov","2025-12-19T17:33:48Z","Kyle.Coder@va.gov","1.0","38","0",,,"Bldg. 6, RM104",,,,"1",,,,"Desk",,,,,"Bldg. 6, RM104, Desk 12",,"0","0",,,,,
,,,,,,,,,,,,,,,,,,,,,,,"False",,"False",,"False",,,,,,"False",,,,,,,,,,,,,"2025-12-19T17:33:48Z","Kyle.Coder@va.gov","2025-12-19T17:33:48Z","Kyle.Coder@va.gov","1.0","39","0",,,"Bldg. 2, RM1317",,,,"1",,,,"Desk",,,,,"Bldg. 2, RM1317, Desk 6",,"0","0",,,,,
,,,,,,,,,,,,,,,,,,,,,,,"False",,"False",,"False",,,,,,"False",,,,,,,,,,,,,"2025-12-19T17:33:48Z","Kyle.Coder@va.gov","2025-12-19T17:33:48Z","Kyle.Coder@va.gov","1.0","40","0",,,"Bldg. 2, RM1317",,,,"1",,,,"Desk",,,,,"Bldg. 2, RM1317, Desk 7",,"0","0",,,,,
,,,,,,,,,,,,,,,,,,,,,,,"False",,"False",,"False",,,,,,"False",,,,,,,,,,,,,"2025-12-19T17:33:47Z","Kyle.Coder@va.gov","2025-12-19T17:33:47Z","Kyle.Coder@va.gov","1.0","21","0",,,"Bldg. 2, RM1317",,,,"1",,,,"Desk",,,,,"Bldg. 2, RM1317, Desk 1 ",,"0","0",,,,,
,,,,,,,,,,,,,,,,,,,,,,,"False",,"False",,"False",,,,,,"False",,,,,,,,,,,,,"2025-12-19T17:33:47Z","Kyle.Coder@va.gov","2025-12-19T17:33:47Z","Kyle.Coder@va.gov","1.0","22","0",,,"Bldg. 2, RM1317",,,,"1",,,,"Desk",,,,,"Bldg. 2, RM1317, Desk 2",,"0","0",,,,,
,,,,,,,,,,,,,,,,,,,,,,,"False",,"False",,"False",,,,,,"False",,,,,,,,,,,,,"2025-12-19T17:33:47Z","Kyle.Coder@va.gov","2025-12-19T17:33:47Z","Kyle.Coder@va.gov","1.0","23","0",,,"Bldg. 2, RM1317",,,,"1",,,,"Desk",,,,,"Bldg. 2, RM1317, Desk 3",,"0","0",,,,,
,,,,,,,,,,,,,,,,,,,,,,,"False",,"False",,"False",,,,,,"False",,,,,,,,,,,,,"2025-12-19T17:33:47Z","Kyle.Coder@va.gov","2025-12-19T17:33:47Z","Kyle.Coder@va.gov","1.0","24","0",,,"Bldg. 2, RM1317",,,,"1",,,,"Desk",,,,,"Bldg. 2, RM1317, Desk 4",,"0","0",,,,,
,,,,,,,,,,,,,,,,,,,,,,,"False",,"False",,"False",,,,,,"False",,,,,,,,,,,,,"2025-12-19T17:33:47Z","Kyle.Coder@va.gov","2025-12-19T17:33:47Z","Kyle.Coder@va.gov","1.0","25","0",,,"Bldg. 2, RM1317",,,,"1",,,,"Desk",,,,,"Bldg. 2, RM1317, Desk 5",,"0","0",,,,,
,,,,,,,,,,,,,,,,,,,,,,,"False",,"False",,"False",,,,,,"False",,,,,,,,,,,,,"2025-12-19T17:33:47Z","Kyle.Coder@va.gov","2025-12-19T17:33:47Z","Kyle.Coder@va.gov","1.0","27","0",,,"Bldg. 6, RM104",,,,"1",,,,"Room",,,,,"Bldg. 6, RM104",,"0","0",,,,,
,,,,,,,,,,,,,,,,,,,,,,,"False",,"False",,"False",,,,,,"False",,,,,,,,,,,,,"2025-12-19T17:33:47Z","Kyle.Coder@va.gov","2025-12-19T17:33:47Z","Kyle.Coder@va.gov","1.0","28","0",,,"Bldg. 6, RM104",,,,"1",,,,"Desk",,,,,"Bldg. 6, RM104, Desk 2",,"0","0",,,,,
,,,,,,,,,,,,,,,,,,,,,,,"False",,"False",,"False",,,,,,"False",,,,,,,,,,,,,"2025-12-19T17:33:47Z","Kyle.Coder@va.gov","2025-12-19T17:33:47Z","Kyle.Coder@va.gov","1.0","29","0",,,"Bldg. 6, RM104",,,,"1",,,,"Desk",,,,,"Bldg. 6, RM104, Desk 3",,"0","0",,,,,
,,,,,,,,,,,,,,,,,,,,,,,"False",,"False",,"False",,,,,,"False",,,,,,,,,,,,,"2025-12-19T17:33:46Z","Kyle.Coder@va.gov","2025-12-19T17:33:46Z","Kyle.Coder@va.gov","1.0","11","0",,,"Bldg. 8, RM105",,,,"1",,,,"Desk",,,,,"Bldg. 8, RM105, Desk 10",,"0","0",,,,,
,,,,,,,,,,,,,,,,,,,,,,,"False",,"False",,"False",,,,,,"False",,,,,,,,,,,,,"2025-12-19T17:33:46Z","Kyle.Coder@va.gov","2025-12-19T17:33:46Z","Kyle.Coder@va.gov","1.0","12","0",,,"Bldg. 8, RM105",,,,"1",,,,"Desk",,,,,"Bldg. 8, RM105, Desk 11",,"0","0",,,,,
,,,,,,,,,,,,,,,,,,,,,,,"False",,"False",,"False",,,,,,"False",,,,,,,,,,,,,"2025-12-19T17:33:46Z","Kyle.Coder@va.gov","2025-12-19T17:33:46Z","Kyle.Coder@va.gov","1.0","13","0",,,"Bldg. 8, RM105",,,,"1",,,,"Desk",,,,,"Bldg. 8, RM105, Desk 12",,"0","0",,,,,
,,,,,,,,,,,,,,,,,,,,,,,"False",,"False",,"False",,,,,,"False",,,,,,,,,,,,,"2025-12-19T17:33:46Z","Kyle.Coder@va.gov","2025-12-19T17:33:46Z","Kyle.Coder@va.gov","1.0","14","0",,,"Bldg. 8, RM105",,,,"1",,,,"Desk",,,,,"Bldg. 8, RM105, Desk 13",,"0","0",,,,,
,,,,,,,,,,,,,,,,,,,,,,,"False",,"False",,"False",,,,,,"False",,,,,,,,,,,,,"2025-12-19T17:33:46Z","Kyle.Coder@va.gov","2025-12-19T17:33:46Z","Kyle.Coder@va.gov","1.0","15","0",,,"Bldg. 8, RM105",,,,"1",,,,"Desk",,,,,"Bldg. 8, RM105, Desk 14",,"0","0",,,,,
,,,,,,,,,,,,,,,,,,,,,,,"False",,"False",,"False",,,,,,"False",,,,,,,,,,,,,"2025-12-19T17:33:46Z","Kyle.Coder@va.gov","2025-12-19T17:33:46Z","Kyle.Coder@va.gov","1.0","16","0",,,"Bldg. 8, RM105",,,,"1",,,,"Desk",,,,,"Bldg. 8, RM105, Desk 15",,"0","0",,,,,
,,,,,,,,,,,,,,,,,,,,,,,"False",,"False",,"False",,,,,,"False",,,,,,,,,,,,,"2025-12-19T17:33:46Z","Kyle.Coder@va.gov","2025-12-19T17:33:46Z","Kyle.Coder@va.gov","1.0","17","0",,,"Bldg. 8, RM105",,,,"1",,,,"Desk",,,,,"Bldg. 8, RM105, Desk 16",,"0","0",,,,,
,,,,,,,,,,,,,,,,,,,,,,,"False",,"False",,"False",,,,,,"False",,,,,,,,,,,,,"2025-12-19T17:33:46Z","Kyle.Coder@va.gov","2025-12-19T17:33:46Z","Kyle.Coder@va.gov","1.0","18","0",,,"Bldg. 39, RM25",,,,"1",,,,"Room",,,,,"Bldg. 39, RM25",,"0","0",,,,,
,,,,,,,,,,,,,,,,,,,,,,,"False",,"False",,"False",,,,,,"False",,,,,,,,,,,,,"2025-12-19T17:33:46Z","Kyle.Coder@va.gov","2025-12-19T17:33:46Z","Kyle.Coder@va.gov","1.0","19","0",,,"Bldg. 39, RM25",,,,"1",,,,"Desk",,,,,"Bldg. 39, RM25, Desk 1 ",,"0","0",,,,,
,,,,,,,,,,,,,,,,,,,,,,,"False",,"False",,"False",,,,,,"False",,,,,,,,,,,,,"2025-12-19T17:33:46Z","Kyle.Coder@va.gov","2025-12-19T17:33:46Z","Kyle.Coder@va.gov","1.0","20","0",,,"Bldg. 2, RM1317",,,,"1",,,,"Room",,,,,"Bldg. 2, RM1317",,"0","0",,,,,
,,,,,,,,,,,,,,,,,,,,,,,"False",,"False",,"False",,,,,,"False",,,,,,,,,,,,,"2025-12-19T17:33:45Z","Kyle.Coder@va.gov","2025-12-19T17:33:45Z","Kyle.Coder@va.gov","1.0","4","0",,,"Bldg. 8, RM105",,,,"1",,,,"Desk",,,,,"Bldg. 8, RM105, Desk 3",,"0","0",,,,,
,,,,,,,,,,,,,,,,,,,,,,,"False",,"False",,"False",,,,,,"False",,,,,,,,,,,,,"2025-12-19T17:33:45Z","Kyle.Coder@va.gov","2025-12-19T17:33:45Z","Kyle.Coder@va.gov","1.0","5","0",,,"Bldg. 8, RM105",,,,"1",,,,"Desk",,,,,"Bldg. 8, RM105, Desk 4",,"0","0",,,,,
,,,,,,,,,,,,,,,,,,,,,,,"False",,"False",,"False",,,,,,"False",,,,,,,,,,,,,"2025-12-19T17:33:45Z","Kyle.Coder@va.gov","2025-12-19T17:33:45Z","Kyle.Coder@va.gov","1.0","6","0",,,"Bldg. 8, RM105",,,,"1",,,,"Desk",,,,,"Bldg. 8, RM105, Desk 5",,"0","0",,,,,
,,,,,,,,,,,,,,,,,,,,,,,"False",,"False",,"False",,,,,,"False",,,,,,,,,,,,,"2025-12-19T17:33:45Z","Kyle.Coder@va.gov","2025-12-19T17:33:45Z","Kyle.Coder@va.gov","1.0","7","0",,,"Bldg. 8, RM105",,,,"1",,,,"Desk",,,,,"Bldg. 8, RM105, Desk 6",,"0","0",,,,,
,,,,,,,,,,,,,,,,,,,,,,,"False",,"False",,"False",,,,,,"False",,,,,,,,,,,,,"2025-12-19T17:33:45Z","Kyle.Coder@va.gov","2025-12-19T17:33:45Z","Kyle.Coder@va.gov","1.0","8","0",,,"Bldg. 8, RM105",,,,"1",,,,"Desk",,,,,"Bldg. 8, RM105, Desk 7",,"0","0",,,,,
,,,,,,,,,,,,,,,,,,,,,,,"False",,"False",,"False",,,,,,"False",,,,,,,,,,,,,"2025-12-19T17:33:45Z","Kyle.Coder@va.gov","2025-12-19T17:33:45Z","Kyle.Coder@va.gov","1.0","9","0",,,"Bldg. 8, RM105",,,,"1",,,,"Desk",,,,,"Bldg. 8, RM105, Desk 8",,"0","0",,,,,
,,,,,,,,,,,,,,,,,,,,,,,"False",,"False",,"False",,,,,,"False",,,,,,,,,,,,,"2025-12-19T17:33:45Z","Kyle.Coder@va.gov","2025-12-19T17:33:45Z","Kyle.Coder@va.gov","1.0","10","0",,,"Bldg. 8, RM105",,,,"1",,,,"Desk",,,,,"Bldg. 8, RM105, Desk 9",,"0","0",,,,,
,,,,,,,,,,,,,,,,,,,,,,,"False",,"False",,"False",,,,,,"False",,,,,,,,,,,,,"2025-12-19T17:33:44Z","Kyle.Coder@va.gov","2025-12-19T17:33:44Z","Kyle.Coder@va.gov","1.0","1","0",,,"Bldg. 8, RM105",,,,"1",,,,"Room",,,,,"Bldg. 8, RM105",,"0","0",,,,,
,,,,,,,,,,,,,,,,,,,,,,,"False",,"False",,"False",,,,,,"False",,,,,,,,,,,,,"2025-12-19T17:33:44Z","Kyle.Coder@va.gov","2025-12-19T17:33:44Z","Kyle.Coder@va.gov","1.0","2","0",,,"Bldg. 8, RM105",,,,"1",,,,"Desk",,,,,"Bldg. 8, RM105, Desk 1",,"0","0",,,,,
